id,titulo,duracao,termo_busca,salvo_em,url,legenda_visual,tags_visao
DjTMTPaVCo8,Donald Trump deixa recado para João Lourenço e o MPLA #política #angola #history #unitedstates,16,pulitica,2026-08-19T16:47:06,https://www.youtube.com/watch?v=DjTMTPaVCo8,"The image is a screenshot of a video call between two people, one of whom is Nelson Mandela, the former president of South Africa. The video call is being recorded by a reporter who is speaking to the media. The caption reads ""A ser verdade, então o MPLHeili está mesmo com os dias contados..."" which translates to ""A verdades, entado o MPLI Heili estará mesme com os dias contados."" 
On the right side of the image, there is a photo of Nelson Mandela on the screen. He is wearing a suit","screenshot,video,call,between,people,whom,nelson,mandela,former,president,south,africa,recorded,reporter,who"
PCry1RlIpw4,TARCÍSIO SOBRE ELEIÇÕES EM 2026: 'MEU CANDIDATO É O BOLSONARO,11,pulitica,2026-08-19T16:47:06,https://www.youtube.com/watch?v=PCry1RlIpw4,"The image is a screenshot of a video interview with a man speaking into a microphone. The man is wearing a white shirt and appears to be in the middle of a speech. He is standing in front of a crowd of people, and there is a banner at the top of the image that reads ""italiaia"" and ""quai o percenual de chance de que o senhor"" which translates to ""quale of the chance of the mayor"" in English. Below the banner, there is text that says ""Tarcisio sobre eleicós em 2026: ""Meu candidato","screenshot,video,interview,man,speaking,microphone,wearing,white,shirt,appears,speech,standing,crowd,people,banner"
gpQoiv-TvCA,Análise: Senado impõe maior derrota política da história de Lula | WW,59,pulitica,2026-08-19T16:47:06,https://www.youtube.com/watch?v=gpQoiv-TvCA,"The image is a screenshot from a CNN news segment. It shows a man in a suit and tie sitting in front of a blue background. He appears to be in a serious mood, with a serious expression on his face. On the left side of the image, there is text in Portuguese that reads ""POR CAIO JUNQUEIRA: SENADO IMPÓE MAIOR DERROTA POLITICA DA HISTORIA DE LULA"". On the right side, there are logos for CNN Brasil and CNN Brasilia.","screenshot,cnn,news,segment,man,suit,tie,sitting,blue,appears,serious,mood,expression,face,left"
MW2wRJ5krWQ,"SAIDINHA DO LULA CAUSA POLEMICA, VOCE APOIA? #noticias #governo #politica",12,pulitica,2026-08-19T16:47:06,https://www.youtube.com/watch?v=MW2wRJ5krWQ,"The image is a screenshot of a video call between two people. The background is black and there is a banner at the top that reads ""Breo por nisis h"" which translates to ""Breed for isis h"". Below the banner, there are three images of three people - a man and two young girls - smiling and looking at the camera. The man is shirtless and the girls are wearing casual clothes. The woman is wearing a white tank top and has her hair pulled back in a ponytail. The text on the banner reads ""Noticias"" which is Spanish for ""Notifications"" and ""","screenshot,video,call,between,people,black,banner,breo,por,nisis,translates,breed,isis,below,three"
0a8Vn_YUjO4,"CANDIDATA AO SENADO, MICHELLE BOLSONARO COMENTA DISPUTA ELEITORAL EM BRASÍLIA",42,pulitica,2026-08-19T16:47:06,https://www.youtube.com/watch?v=0a8Vn_YUjO4,"The image is a screenshot from a video interview with a woman in a pink shirt. The woman is speaking to the media and is surrounded by reporters holding microphones. She appears to be speaking to a group of people, as there are trees and a building in the background. The text on the image reads ""Candidate ao Senado, Michelle Bolsonaro comenta disputto elettorial em Brasilia"" which translates to ""Candidates to Senado: Michelle Bolsoño comenta Dispute elettoral em Brasilia"". The image appears to have been taken in Brazil, as indicated by the logo on","screenshot,video,interview,woman,pink,shirt,speaking,media,surrounded,reporters,holding,microphones,appears,group,people"
C3I-u-MW7Dg,LULA CONFESSA QUE O PT É UMA M3RDA?! #noticias #governo #politica #viral #noticias #governo,9,pulitica,2026-08-19T16:47:06,https://www.youtube.com/watch?v=C3I-u-MW7Dg,"The image is a screenshot of a video call from a Spanish news channel called ""DeLata"". The background of the image is black, and the text is in white. On the left side of the screen, there is a blue bar graph that shows the number of people who have been diagnosed with cancer. The text on the screen reads ""Opte è uma merda? E mas e minha merda, declara lula"" which translates to ""Optic of the dead? E, mas e minima merda."" On the right side, there are two images of a man speaking into a","screenshot,video,call,spanish,news,channel,called,delata,black,white,left,side,screen,blue,bar"
49YLp5nJy6Y,"Braga Netto diz: ""Estou preso""; Moraes responde: ""Eu que decretei"" | CNN Brasil",36,pulitica,2026-08-19T16:47:06,https://www.youtube.com/watch?v=49YLp5nJy6Y,"The image is a screenshot from a CNN news segment. It shows a man sitting at a table with a microphone in front of him. He is bald and appears to be in his late 40s or early 50s. He has a serious expression on his face and is looking directly at the camera. The background is blurred, but it seems like he is in a courtroom or a meeting room. The man is wearing a suit and tie and is sitting in a chair. The CNN logo is visible in the top right corner of the image.","screenshot,cnn,news,segment,man,sitting,table,microphone,bald,appears,late,early,serious,expression,face"
TkyyuKR4uts,"LULA E FLÁVIO BOLSONARO APRESENTAM EMPATE TÉCNICO NO 2º TURNO, DIZ PODERDATA",56,pulitica,2026-08-19T16:47:06,https://www.youtube.com/watch?v=TkyyuKR4uts,"The image is a screenshot from a news channel called ""Italia Política"". It shows a man speaking into a microphone and appears to be giving a speech. He is wearing a blue shirt and has a serious expression on his face. The background is blurred, but it seems like he is in a large room with a red curtain. On the right side of the image, there is a banner with the text ""PoderData: Aya: Lula empata com Flávio, Zema e Calabado no 2º turno"" which translates to ""PederData: The story of","screenshot,news,channel,called,italia,política,man,speaking,microphone,appears,giving,speech,wearing,blue,shirt"
-aZ0lelOMZo,E você achando que vai ficar rico ganhando um salário mínimo…,10,um dia como rico,2026-08-19T16:46:10,https://www.youtube.com/watch?v=-aZ0lelOMZo,"The image is a screenshot from a video posted on a website. It shows a young man standing on a boat, holding up a bottle of champagne. He is wearing a white shirt and black pants and is smiling at the camera. The background shows a body of water and a cloudy sky. The text on the image reads ""Os homens mais ricos do mundo sió"" which translates to ""The most expensive wine in the world"" in English. The image appears to be a screenshot of a video call.","screenshot,video,posted,website,young,man,standing,boat,holding,bottle,champagne,wearing,white,shirt,black"
_Em-Kc4aXVI,MAIRA CARDI e a TRETA Com PRIMO RICO #primorico #separação #maíracardi #famosos,60,um dia como rico,2026-08-19T16:46:10,https://www.youtube.com/watch?v=_Em-Kc4aXVI,"The image is a screenshot from a Spanish TV show. It shows a woman, Maura Ama Deixar Claro, sitting in a room with a serious expression on her face. She is wearing a blue coat and appears to be deep in thought. The text on the image reads ""Que tudo era meu, Se inscreva, Curta, Comentel!"" which translates to ""The story of the woman who was killed in a car accident.""","screenshot,spanish,show,woman,maura,ama,deixar,claro,sitting,room,serious,expression,face,wearing,blue"
mJxLtmo_4Qo,Eles faturam MILHÕES com a INTERNET! 💸 #trabalho #dinheiro #inss #profissao #entrevista,59,um dia como rico,2026-08-19T16:46:10,https://www.youtube.com/watch?v=mJxLtmo_4Qo,"The image is a collage of three photos. In the first photo, there is a young man wearing a black jacket and glasses. He is standing in front of a white wall with a pink flower plant in the background. The second photo shows the man standing with his hands in his pockets and looking off to the side. The third photo is a close-up of the man's face. The text on the image reads ""2024"" and ""RS4, RS400,000/mès"".","collage,three,photos,first,photo,young,man,wearing,black,jacket,glasses,standing,white,wall,pink"
ejqPYPStTB0,Como ficar RICO no Brasil. Concorda?,60,um dia como rico,2026-08-19T16:46:10,https://www.youtube.com/watch?v=ejqPYPStTB0,"The image is a screenshot from a Brazilian news channel. It shows a man speaking into a microphone with a caption that reads ""Como Ficar Rico no Brasil"" (meaning ""I visit as casas dos vizinhos, visitas as casa dos"" in Portuguese). The man is William Ribeiro, a Brazilian politician and politician, and he is wearing a suit and tie. He appears to be giving a speech or making a point with his right hand. The background is blurred, but it seems like he is in a conference room or a meeting room.","screenshot,brazilian,news,channel,man,speaking,microphone,caption,como,ficar,rico,brasil,meaning,visit,casas"
E3W9FSCrqlg,HÁBITOS das pessoas mais RICAS DO MUNDO! #viralshorts #viralvideo #prosperidade,46,um dia como rico,2026-08-19T16:46:10,https://www.youtube.com/watch?v=E3W9FSCrqlg,"The image is a still from a movie or TV show. It features a close-up of the actor Leonardo DiCaprio, who is holding a glass of wine in his hand. He is wearing a black tuxedo and has a big smile on his face. The background is blurred, but it appears to be a cityscape with buildings and lights. The text on the image reads ""5 anos estudando os ricos"" which translates to ""5 years of the best actor in the world"" in English.","still,movie,show,features,close,actor,leonardo,dicaprio,who,holding,glass,wine,hand,wearing,black"
9UqYJcKc2Zg,Rico VS pobre,32,um dia como rico,2026-08-19T16:46:10,https://www.youtube.com/watch?v=9UqYJcKc2Zg,"The image is a collage of three photos. The first photo on the left shows a young boy lying on a sandy beach, taking a selfie with his phone. He is shirtless and wearing sunglasses. The second photo in the middle shows the boy lying down with his arms stretched out to the sides, holding the phone up to take the picture. The third photo shows a person's hand holding the camera and taking a picture of the boy. The background is blurred, but it appears to be a sunny day.","collage,three,photos,first,photo,left,young,boy,lying,sandy,beach,taking,selfie,phone,shirtless"
efPegoKFoCc,ALUNO RICO NA ESCOLA vs EU,10,um dia como rico,2026-08-19T16:46:10,https://www.youtube.com/watch?v=efPegoKFoCc,"The image is a collage of three photos. On the left side, there is a photo of a young man holding up a pack of black pencils. He is wearing a beige jacket and has a big smile on his face. The text on the image reads ""Aluno rico da sala"" which translates to ""Alunco rico of sala tenho 100 lápis?"" in English. In the center of the image, there are three small boxes of colorful pencils on a white table. The boxes are arranged in a triangular formation. The background is a plain white wall.","collage,three,photos,left,side,photo,young,man,holding,pack,black,pencils,wearing,beige,jacket"
yx-O4tKBLpE,Só tem 5 formas de FICAR RICO,59,um dia como rico,2026-08-19T16:46:10,https://www.youtube.com/watch?v=yx-O4tKBLpE,"The image is a screenshot from a Spanish TV show. It shows a man with a beard and glasses, wearing a black leather jacket and headphones. He is sitting in front of a microphone and appears to be in a recording studio. The text on the image reads ""Só tem 5 formas de Ficar Rico"" which translates to ""5 forms of Ficars Rico"" in English. The caption also mentions that the man is a singer and the text is in Spanish.","screenshot,spanish,show,man,beard,glasses,wearing,black,leather,jacket,headphones,sitting,microphone,appears,recording"
s_6JKeS9A-I,Quer ficar rico? Assista até o final. #dicas #simpatias #vivymarinho,15,um dia como rico,2026-08-19T16:46:10,https://www.youtube.com/watch?v=s_6JKeS9A-I,"The image shows a close-up of a person's wrist with a small blue tattoo on it. The tattoo appears to be a small, cursive design with the number 4 on it, which is likely a reference to the Spanish language. The person's hand is visible, with their fingers slightly curled around the tattoo. The background is blurred, but it seems like the person is standing in a room with a desk and a computer monitor visible. The text on the image reads ""Quer ficar rica? Veja esse video.""","close,person,wrist,small,blue,tattoo,appears,cursive,design,number,likely,reference,spanish,language,hand"
mvMMvC4mdKk,QUANDO SEU AMIGO É RICO,32,um dia como rico,2026-08-19T16:46:10,https://www.youtube.com/watch?v=mvMMvC4mdKk,"The image is a collage of three photos. The first photo on the left shows a young boy with a bright green afro wig. He is wearing a red and white striped shirt and is sitting in a kitchen. The second photo in the middle shows the boy holding a remote control in his hand. The third photo shows a person's hand reaching out to touch the remote control. The text on the image reads ""aquele amigo rico"" which translates to ""the boy with the green wig"" in English.","collage,three,photos,first,photo,left,young,boy,bright,green,afro,wig,wearing,red,white"
hX8H56HE2WM,Estoy viendo el dia rico y tentador,22,um dia como rico,2026-08-19T16:46:10,https://www.youtube.com/watch?v=hX8H56HE2WM,"The image is a collage of three photos of a woman. The first photo on the left shows the woman with long dark hair, wearing a colorful dress. She is smiling widely and appears to be laughing. The second photo in the middle shows the same woman, but her hair is styled in loose waves. The third photo is a close-up of the woman's face, with her eyes closed and her mouth slightly open. The background is a plain white wall.","collage,three,photos,woman,first,photo,left,long,dark,hair,wearing,colorful,dress,smiling,widely"
s1EKRiGXSEk,O mendigo rico 😎 #funny #shorts,8,um dia como rico,2026-08-19T16:46:10,https://www.youtube.com/watch?v=s1EKRiGXSEk,"The image is a collage of three photos. The first photo on the left shows a young man with black hair, wearing a white t-shirt and red pants. He is standing in front of a building with a blue sky in the background. The second photo in the middle shows the man holding a red bag of chips and talking on a red phone. The third photo shows a person's hand holding a black car. The man appears to be in a hurry, as if he is about to take a picture.","collage,three,photos,first,photo,left,young,man,black,hair,wearing,white,shirt,red,pants"
oMSV6h8aYSg,O POBRE QUANDO FICA RICO 🤑,22,um dia como rico,2026-08-19T16:46:10,https://www.youtube.com/watch?v=oMSV6h8aYSg,"The image is a collage of three photos. On the left side, there is a young woman with long brown hair, wearing a brown dress with a floral pattern. She is standing in front of a palm tree and appears to be in a garden or backyard. In the center, there are four young women, all wearing colorful dresses and posing for the camera. The woman in the center is wearing a pink dress and red high heels, and she is holding a pair of scissors in her hand. The other three women are standing behind her, also wearing pink dresses. The background shows a white wall and a blue sky. The","collage,three,photos,left,side,young,woman,long,brown,hair,wearing,dress,floral,pattern,standing"
EpTWfG_6t10,Eles ensinaram a como ficar RICO sem fazer NADA #curiosidades,14,um dia como rico,2026-08-19T16:46:10,https://www.youtube.com/watch?v=EpTWfG_6t10,"The image is a collage of three photos. The first photo on the left shows a person holding a sign that reads ""VIVING VIRTUE"" in bold black letters. The second photo in the middle shows a statue of a woman wearing a beige dress and sunglasses. The third photo shows a mannequin wearing a black suit and sunglasses, standing in front of a building. The background is blurred, but it appears to be a city street with other people and buildings.","collage,three,photos,first,photo,left,person,holding,sign,viving,virtue,bold,black,letters,second"
Q7soX79kXos,Como ficar rico na internet em 2026 / Thiago Finch,20,um dia como rico,2026-08-19T16:46:10,https://www.youtube.com/watch?v=Q7soX79kXos,"The image is a collage of three stills from a TV show. The first still shows a young man with long dark hair and a serious expression on his face. He is wearing a purple jacket and a scarf around his neck. The second still shows the same young man walking on a street with palm trees and buildings in the background. The third still shows him walking away from the camera with a speech bubble above his head that reads ""ENCRAVADA"". The text in the speech bubble reads ""@ewilsonpereira"".","collage,three,stills,show,first,still,young,man,long,dark,hair,serious,expression,face,wearing"
tttqZEMPVR0,MOTIVAÇÃO MILIONÁRIA #SHORTS,16,como os bilionáris vivem,2026-08-19T16:45:50,https://www.youtube.com/watch?v=tttqZEMPVR0,"The image shows a row of black Bentley cars parked in a parking lot. The cars are all the same model and appear to be luxury. They are parked in front of a building with a garage door and a sign that reads ""Motivação Millionária"". There are a few people standing around the cars, one of whom is wearing a suit and tie. The sky is blue and the weather appears to be sunny.","row,black,bentley,cars,parked,parking,lot,all,same,model,appear,luxury,building,garage,door"
LS9HD_kEnqQ,OS 5 BILIONÁRIOS MAIS JOVENS DO BRASIL. #shorts #dinheiro #frutomilionario,57,como os bilionáris vivem,2026-08-19T16:45:50,https://www.youtube.com/watch?v=LS9HD_kEnqQ,"The image is a collage of three photos of a man and a woman. The man is in the center of the image, wearing a black suit and a white shirt. He has short dark hair and is smiling at the camera. On the left side of the collage, there is a photo of the woman, who appears to be a young woman with short brown hair. She is wearing a white blouse and a black blazer. The background is blurred, but it seems like she is at an event or a party. The text on the image reads ""e em 3'ugar esta Pedro Godoy""","collage,three,photos,man,woman,center,wearing,black,suit,white,shirt,short,dark,hair,smiling"
HY11JaOU1Sk,Esse sim é o maior bilionário do mundo. #curiosidades #rico #dinheiro #influencer #fama #bilionários,60,como os bilionáris vivem,2026-08-19T16:45:50,https://www.youtube.com/watch?v=HY11JaOU1Sk,"The image is a collage of three photos. The first photo on the left shows a young man wearing a black t-shirt and a baseball cap. He is standing in front of a building with a sign that reads ""Atija"" and a green gate. The second photo in the middle shows a man with a beard and glasses, wearing a colorful outfit and holding a microphone. He appears to be walking towards the camera. The third photo is a close-up of the man's face and upper body. The text on the image reads ""MEUS"".","collage,three,photos,first,photo,left,young,man,wearing,black,shirt,baseball,cap,standing,building"
grRhJ39Wheo,HÁBITOS de um MILIONÁRIO,46,como os bilionáris vivem,2026-08-19T16:45:50,https://www.youtube.com/watch?v=grRhJ39Wheo,"The image is a screenshot from a video interview. It shows a man sitting at a desk with a microphone in front of him. He is wearing a white t-shirt and appears to be speaking into the microphone. The background is blue and there is a banner behind him that reads ""Tem reunião de terça, tem relatórios que vem"" which translates to ""The reunion of the terça"" in English. The man is smiling and seems to be engaged in the conversation. There is also a microphone stand next to him with the words ""Tem, tem, tem"" and ""terça,","screenshot,video,interview,man,sitting,desk,microphone,wearing,white,shirt,appears,speaking,blue,banner,behind"
HBR3oyfb9ys,QUAL É O SEGREDO DOS MILIONÁRIOS?,57,como os bilionáris vivem,2026-08-19T16:45:50,https://www.youtube.com/watch?v=HBR3oyfb9ys,"The image shows a man in a black suit sitting in a dimly lit room with blue lights. He appears to be in the middle of a conversation, with his mouth open and his hands gesturing as he speaks. The man has shoulder-length blonde hair and is looking off to the side with a serious expression on his face. The background is dark and there is a watermark in the bottom right corner of the image that reads ""Milionario"".","man,black,suit,sitting,dimly,lit,room,blue,lights,appears,conversation,mouth,open,hands,gesturing"
bzQxthK2n_k,fazendeiros milionários mais humilde que vivem como pobres,16,como os bilionáris vivem,2026-08-19T16:45:50,https://www.youtube.com/watch?v=bzQxthK2n_k,"The image is a screenshot of a video with a quote in Spanish that reads ""Fazendeiros millionarios mais humidades que vivem como pobres"" which translates to ""Fazes of millionarios, millionarios may humidores que vivim como posres"" in English. The quote is written in a cursive font and is placed on top of a piece of paper with a pen resting on it. The background is blurred, but it appears to be a desk or table with a computer monitor and other office supplies. The overall mood of the image is one of concentration and","screenshot,video,quote,spanish,fazendeiros,millionarios,mais,humidades,que,vivem,como,pobres,translates,fazes,may"
z-8o7RhtuqE,Segredo dos Milionários - Vida dos Milionários == #Shorts,51,como os bilionáris vivem,2026-08-19T16:45:50,https://www.youtube.com/watch?v=z-8o7RhtuqE,"The image is a screenshot from a video posted on Instagram. It shows a group of people on a yacht, with the text ""Mude sua vida em 31 dias"" (Mude Sua Vida em 33 dias) written above them. The text is written in Portuguese and translates to ""Mute sua VIDA em 31 Dias"" in English. 

In the center of the image, there is a photo of a woman wearing a white dress and sunglasses, standing on the deck of the yacht. She is smiling and waving to the camera. On the left side of the photo,","screenshot,video,posted,instagram,group,people,yacht,mude,sua,vida,dias,written,above,portuguese,translates"
81rJbv08AF8,como os RICOS vivem! #dinheiro #sucesso,20,como os bilionáris vivem,2026-08-19T16:45:50,https://www.youtube.com/watch?v=81rJbv08AF8,"The image shows a young woman standing in a snowy forest with her eyes closed and her head tilted back, as if she is in a peaceful and serene state. She is wearing a white coat and a gray scarf, and her hair is blowing in the wind. The background is blurred, but it appears to be a wooded area with trees covered in snow. The image is accompanied by a text in Portuguese that translates to ""A verdadeira riqueza está na apreciação da vida"" (meaning ""a love is a good day"" in English).","young,woman,standing,snowy,forest,eyes,closed,head,tilted,back,peaceful,serene,state,wearing,white"
CWTSxoADt90,Aqui vivem os bilionários brasileiros 🏠 💰,16,como os bilionáris vivem,2026-08-19T16:45:50,https://www.youtube.com/watch?v=CWTSxoADt90,"The image is a collage of three photographs of a residential area in Beverly Hills, Brazil. The first photograph on the left shows a gate with the word ""BEVERLY HILLS DO BRASIL"" written on it. The gate is surrounded by palm trees and there is a building in the background. The sky is blue and there are power lines visible in the distance. The second photograph in the middle shows a street with a sign that reads ""Hills Brasilia"" and a street lamp. The third photograph is a close-up of the gate and the street. The image appears to be taken from a distance","collage,three,photographs,residential,area,beverly,hills,brazil,first,photograph,left,gate,word,brasil,written"
4_y-c0m9j7Y,A vida secreta dos bilionários. Onde vivem? O que comem? 😂💰💸 #ruyter #bilionario #jorgepaulolemam,29,como os bilionáris vivem,2026-08-19T16:45:50,https://www.youtube.com/watch?v=4_y-c0m9j7Y,"The image is a screenshot from a Brazilian news channel. It shows a man sitting in front of a microphone with a microphone stand, wearing a white tank top and sunglasses. He appears to be in a recording studio, as there are other microphones and equipment visible in the background. On the right side of the image, there is a photo of a man with glasses and a beard, who is wearing a blue shirt and tie. The text on the image reads ""Brazilieros que não estão na lista"" which translates to ""Brazilian news channel"" in English.","screenshot,brazilian,news,channel,man,sitting,microphone,stand,wearing,white,tank,sunglasses,appears,recording,studio"
gymcp_ThGUo,ONDE OS BILIONÁRIOS VIVEM? #shorts,32,como os bilionáris vivem,2026-08-19T16:45:50,https://www.youtube.com/watch?v=gymcp_ThGUo,"The image is a portrait of a young man with a beard and mustache. He is wearing a black t-shirt with the number 3 on it. He has a serious expression on his face and is looking directly at the camera. The background is dark and blurred, making the man the focal point of the image. The man appears to be in his late twenties or early thirties.","portrait,young,man,beard,mustache,wearing,black,shirt,number,serious,expression,face,looking,directly,camera"
LXpsWLV4ws8,Como é bom ser bilionário,56,como os bilionáris vivem,2026-08-19T16:45:50,https://www.youtube.com/watch?v=LXpsWLV4ws8,"The image is a collage of three different elements. The first element on the left is a close-up of a pile of US dollar bills. The bills are arranged in a way that they are overlapping each other. In the center of the image, there is a large banner with the text ""Como e ser bibliónario Rio"" written in red and yellow letters. Below the banner, there are two smaller images of a man with a beard and mustache. The man is wearing a black t-shirt and is standing in front of a background of more bills.","collage,three,different,elements,first,element,left,close,pile,dollar,bills,arranged,way,overlapping,each"
gDUrw9GOK2k,MOTIVAÇÃO #SHORTS,8,como os bilionáris vivem,2026-08-19T16:45:50,https://www.youtube.com/watch?v=gDUrw9GOK2k,"The image shows a green Porsche 911 GT3 RS sports car parked on a winding road in the middle of a field. The car is facing towards the right side of the image and is positioned at an angle, with the sun setting in the background. The sky is orange and pink, and the field is covered in dry grass and shrubs. The road is empty, with no other cars or people visible in the frame. The image is accompanied by text that reads ""Motiváção Millionária"" which translates to ""Motivation a millionária"".","green,porsche,sports,car,parked,winding,road,field,facing,towards,right,side,positioned,angle,sun"
l-7jLfP-zXo,DIFERENÇA DE UM MILIONARIO PARA UM BILIONÁRIO,10,como os bilionáris vivem,2026-08-19T16:45:50,https://www.youtube.com/watch?v=l-7jLfP-zXo,"The image shows a large luxury yacht named Millionário X Bilionário, sailing on the ocean at night. The yacht is white in color and has multiple levels with multiple levels of windows and balconies. It is illuminated with blue lights, giving it a luxurious and elegant look. In the background, there is a rocky coastline with houses and buildings lit up at night, creating a beautiful contrast with the dark blue water. The sky is dark, making the yacht stand out even more. The image also has a purple banner at the top with the words ""Millionário"" and a logo for the company.","large,luxury,yacht,named,millionário,bilionário,sailing,ocean,night,white,color,multiple,levels,windows,balconies"
66-2vX0Vf0c,"O Estilo de Vida dos Bilionários: Luxo, Poder e Exclusividade",41,como os bilionáris vivem,2026-08-19T16:45:50,https://www.youtube.com/watch?v=66-2vX0Vf0c,"The image shows a close-up of a white airplane with a red and blue tail. The airplane appears to be in mid-flight, with its wings spread wide and its nose pointing upwards. The tail of the airplane is pointed upwards, and the propeller is visible on the right side of the image. The background is a clear blue sky. The image is taken from a low angle, looking up at the airplane.","close,white,airplane,red,blue,tail,appears,mid,flight,wings,spread,wide,nose,pointing,upwards"
8v8SI36gpmA,Safari de pobre é ver como os bilionários vivem hoje! #bilionários #curiosidades #lifestyle,26,como os bilionáris vivem,2026-08-19T16:45:50,https://www.youtube.com/watch?v=8v8SI36gpmA,"The image is a still from a video. It shows a man with short dark hair and a beard, wearing a black suit. He appears to be in his late twenties or early thirties. The background is blurred, but it seems to be an indoor setting with a wooden floor and a white wall. The text on the image reads ""Incorporador gigantesca"" which translates to ""Incorrectorador gigantea"" in English.","still,video,man,short,dark,hair,beard,wearing,black,suit,appears,late,twenties,early,thirties"
3Mf17wrl8dQ,3 Bilionários Brasileiros que NÃO SÃO HERDEIROS #Shorts,60,como os bilionáris vivem,2026-08-19T16:45:50,https://www.youtube.com/watch?v=3Mf17wrl8dQ,"The image is a collage of three photos. The first photo on the left shows a close-up of a man's face. He is wearing a black t-shirt and has a pair of black-framed glasses on. The second photo in the middle shows the same man with dark hair and a beard. He has a slight smile on his face and is looking directly at the camera. The third photo is a closer look at the man's neck and upper body. The text ""Billionarios"" is written in white letters on the top right corner of the image.","collage,three,photos,first,photo,left,close,man,face,wearing,black,shirt,pair,framed,glasses"
Pq2VrwKOrsY,Why rich people live corporate life.,36,como os bilionáris vivem,2026-08-19T16:45:50,https://www.youtube.com/watch?v=Pq2VrwKOrsY,"The image is a still from a TV show. It shows a woman with blonde hair, wearing a colorful blouse with a paisley pattern. She is sitting on a couch with her back to the camera, and her hair is styled in loose curls. The woman is looking directly at the camera with a serious expression on her face. The background is blurred, but it appears to be a living room with a plant and a couch. The text on the image reads ""of money.""","still,show,woman,blonde,hair,wearing,colorful,blouse,paisley,pattern,sitting,couch,back,camera,styled"
2SqMCDL8H_A,Safari de pobre é ver como os bilionários vivem hoje! #bilionários #curiosidades #lifestyle,31,como os bilionáris vivem,2026-08-19T16:45:50,https://www.youtube.com/watch?v=2SqMCDL8H_A,"The image is a screenshot from a video call between two men. On the left side of the image, there is a close-up of a man's face with a beard and mustache. He is smiling and looking directly at the camera. The man on the right side is sitting in the driver's seat of a car and appears to be in his late twenties or early thirties. He has short dark hair and a beard. The background is blurred, but it seems to be a car window with a view of trees outside. The text on the image reads ""Vincius Motta"" and ""Rafa f","screenshot,video,call,between,men,left,side,close,man,face,beard,mustache,smiling,looking,directly"
OIQt9ue-Wh0,LIFESTYLE BILIONÁRIO [MOTIVAÇÃO DO EMPREENDEDOR BILIONÁRIO] #SHORTS,20,como os bilionáris vivem,2026-08-19T16:45:50,https://www.youtube.com/watch?v=OIQt9ue-Wh0,"The image shows a luxurious gold Lamborghini Aventador LP700-4 Superveloce sports car parked on the side of a street. The car has its doors open, revealing the interior of the car. The street is lined with buildings and there are potted plants on the sidewalk. The sky is blue and the weather appears to be sunny. The image also has a purple banner at the top that reads ""Lifestyle Billionário"".","luxurious,gold,lamborghini,aventador,superveloce,sports,car,parked,side,street,doors,open,revealing,interior,lined"
K0Yr4nYNw4w,OLHA COMO OS RICOS VIVEM #shorts,45,como os bilionáris vivem,2026-08-19T16:45:50,https://www.youtube.com/watch?v=K0Yr4nYNw4w,"The image is a screenshot from a video call between two people. On the left side of the image, there is a photo of a young woman with long brown hair, wearing a white blouse and a black jacket. She is smiling and holding a microphone in her hand. The background is a tiled wall with a geometric pattern. In the center of the screen, there are two smaller photos of a man and a woman. The man is wearing a blue t-shirt and a baseball cap. The text on the screen reads ""Olha como os ricos vivem"" which translates to ""Ola como","screenshot,video,call,between,people,left,side,photo,young,woman,long,brown,hair,wearing,white"
lGwBLZuD_A4,como os milionários realmente vivem☕💵🍂 #blackrat #reflexão #milionario #autodesenvolvimento #vida,38,como os bilionáris vivem,2026-08-19T16:45:50,https://www.youtube.com/watch?v=lGwBLZuD_A4,"The image is a screenshot from a video game called ""Aja CD"" by Thomas J. Stanley. The background is black and the title of the game is written in white text at the top. Below the title, there is a photo of Thomas Stanley, a man wearing sunglasses and a white shirt, smiling at the camera. He is standing in front of a yellow sports car with a pink and blue stripe on the side. The text on the image reads ""Esse Cara e brabo Cara"" which translates to ""Essex Cara is a car that is a combination of a car and a car"". On","screenshot,video,game,called,aja,thomas,stanley,black,title,written,white,below,photo,man,wearing"
bzWKyWGYmVY,DIFERENÇA MILIONÁRIO PARA BILIONÁRIO #SHORTS,12,vida de ricos,2026-08-19T16:45:33,https://www.youtube.com/watch?v=bzWKyWGYmVY,"The image shows a large luxury yacht floating on the water at night. The yacht is black and has multiple levels with multiple levels of windows and balconies. It is illuminated with blue lights, creating a beautiful contrast against the dark blue water. In the background, there are other boats and yachts visible on the horizon. The image also has text that reads ""Differença milionário para bilionário"" which translates to ""Difference of a million-dollar luxury yacht for billions"" in English.","large,luxury,yacht,floating,water,night,black,multiple,levels,windows,balconies,illuminated,blue,lights,creating"
iPqZQ9a2N5c,O que todos os ricos têm em comum?,17,vida de ricos,2026-08-19T16:45:33,https://www.youtube.com/watch?v=iPqZQ9a2N5c,"The image is a screenshot from a video. It shows a man standing on a stage with a serious expression on his face. He is wearing a white shirt and blue jeans. The background is dark and there is a text overlay on the image that reads ""Todos os ricos têm em comum"" which translates to ""Tods of ricos, têms, em comums"" in English. The text is in Portuguese.","screenshot,video,man,standing,stage,serious,expression,face,wearing,white,shirt,blue,jeans,dark,overlay"
JoNi9BMAOuo,Rico Pensa Assim. Pobre Faz o Contrário #shorts #dinheiro #finanças,60,vida de ricos,2026-08-19T16:45:33,https://www.youtube.com/watch?v=JoNi9BMAOuo,"The image is a collage of three photos of a man and a woman on a video call. The man is on the top left corner of the image, wearing a white t-shirt with the word ""lutebol"" written on it. He has a beard and is looking down at the camera with a serious expression on his face. The woman is in the middle of the three photos, with blonde hair and glasses. She is wearing a black top and is smiling at the viewer. The background appears to be a recording studio or recording studio with a microphone and other equipment visible.","collage,three,photos,man,woman,video,call,left,corner,wearing,white,shirt,word,lutebol,written"
mn5vvhXdZQk,RICOS VS POBRE NA PISCINA!,13,vida de ricos,2026-08-19T16:45:33,https://www.youtube.com/watch?v=mn5vvhXdZQk,"The image is a collage of two photos. The first photo on the left shows a young woman standing in a swimming pool with her arms stretched out to the sides. She is wearing a black swimsuit and appears to be in the middle of a swim. The pool is surrounded by a white fence and there are trees and bushes in the background. The second photo in the center shows the same woman standing on the edge of the pool, with her reflection visible in the water. The text on the image reads ""Rico vendo uma piscina"" which translates to ""Rio vendo youa piscinas","collage,photos,first,photo,left,young,woman,standing,swimming,pool,arms,stretched,sides,wearing,black"
UfX7e9isN1Q,Riqueza vai Crescer  #shorts #riqueza #riquezas #riquezaconsciente #luxo #sucesso #imagensdesucesso,10,vida de ricos,2026-08-19T16:45:33,https://www.youtube.com/watch?v=UfX7e9isN1Q,"The image shows a large room with multiple cars parked in it. The room appears to be a garage or a showroom with high ceilings and large windows. The floor is made of concrete and there are several pillars in the background. On the left side of the image, there is a black SUV parked next to a white car with a red stripe on the side. In the center, there are two black sports cars, one with a sleek design and the other with a more modern design. The cars are parked side by side, facing the same direction. The image is taken from a low angle, looking up at the cars.","large,room,multiple,cars,parked,appears,garage,showroom,high,ceilings,windows,floor,made,concrete,several"
5OaYapqpVu0,Esse é o multimilionário mais rico do mundo! 😮 #zeus #milionario #famosos #curiosidades,54,vida de ricos,2026-08-19T16:45:33,https://www.youtube.com/watch?v=5OaYapqpVu0,"The image is a collage of two photos. The first photo on the left shows an elderly man with long, dark hair and a white beard. He is wearing a red shirt and has a serious expression on his face. The second photo in the middle shows the same man with a beard and mustache, but his hair is styled in a messy, yet fashionable manner. He appears to be in his late 60s or early 70s. The background is blurred, but it seems to be a room with a chandelier hanging from the ceiling. The word ""CHEIA"" is written in bold letters at the bottom of","collage,photos,first,photo,left,elderly,man,long,dark,hair,white,beard,wearing,red,shirt"
ga6KlIuspiI,Falando estilos até você descobrir o seu!!! 💃🏼🫢🎀🧸🏃🏼‍♀️🧚🏻‍♀️💫✨🛍️🐆🤯💄🪩⚡️,38,estilo de vida,2026-08-19T16:45:14,https://www.youtube.com/watch?v=ga6KlIuspiI,"The image is a collage of two photos. The first photo on the left shows a young woman with long brown hair, wearing a black tank top and jeans. She is standing in front of a white wall with a pink flower on it. The second photo in the middle shows a pair of pink high heels and a black top. The text on the image reads ""falando estilos até você descobrir o seu!"" which translates to ""falandos estilores até"" in English. The image appears to be a meme or a meme about the idea of a person who is trying to","collage,photos,first,photo,left,young,woman,long,brown,hair,wearing,black,tank,jeans,standing"
eTb31th0N2A,Como fazer para TER um ESTILO DE VIDA SAUDÁVEL? | Atalla Responde,59,estilo de vida,2026-08-19T16:45:14,https://www.youtube.com/watch?v=eTb31th0N2A,"The image is a screenshot from a video interview. It shows a man with a beard and mustache, wearing a black shirt, smiling and gesturing with his hands. He appears to be in a room with a blue curtain in the background. The text on the image reads ""tentar colocar na sua agenda um horário que"" which translates to ""tenth of the day"" in English.","screenshot,video,interview,man,beard,mustache,wearing,black,shirt,smiling,gesturing,hands,appears,room,blue"
OHVvHVyu-BQ,COMEÇO DE UMA NOVA FASE ESTILO DE VIDA MINIMALISTA #destralhe #minimalismo #vidaleve #donadecasareal,47,estilo de vida,2026-08-19T16:45:14,https://www.youtube.com/watch?v=OHVvHVyu-BQ,"The image is a collage of three photos of a bathroom. The first photo on the left shows a person's hand holding a white drawer with various items on it. The drawer appears to be open, as there is a small plant in a vase on the right side of the image. The items on the drawer include a bottle of lotion, a bag of toiletries, a small bottle of nail polish, and a few other items. The background is a tiled wall with a mirror above it.","collage,three,photos,bathroom,first,photo,left,person,hand,holding,white,drawer,various,items,appears"
NSpYdvM5EbM,Beneficios de la avena #dralbuja #energia #medicinanutricional,58,estilo de vida,2026-08-19T16:45:14,https://www.youtube.com/watch?v=NSpYdvM5EbM,"The image shows a man standing behind a counter in a kitchen. He is wearing a blue polo shirt and glasses and is smiling at the camera. The counter is made of wood and has a black countertop. Behind the counter, there is a large orange banner with the words ""Refrigerado"" written in white letters. The banner also has a message in Spanish that reads ""se hace como gelatinosa"" which translates to ""refrigerator"" in English. The background of the image shows the kitchen counter and cabinets.","man,standing,behind,counter,kitchen,wearing,blue,polo,shirt,glasses,smiling,camera,made,wood,black"
DziH7uuO7RU,Tenha essas ATITUDES para um ESTILO DE VIDA SAUDÁVEL! | Dr Dayan Siebra #vidasaudavel #estilodevida,58,estilo de vida,2026-08-19T16:45:14,https://www.youtube.com/watch?v=DziH7uuO7RU,"The image is a screenshot of a video call with a man in the center. The man is bald and wearing glasses and a black shirt. He is speaking into a microphone and appears to be in the middle of a conversation. The text on the screen reads ""Quais as principais attitudes para um estilo de vida saudável?"" which translates to ""What is the principal attitude for the principal's attitude?"" in English. Below the text, there is a red banner with the text ""Paramais conteudos de saúde"" (meaning ""What are the principal attitudes for the future?""","screenshot,video,call,man,center,bald,wearing,glasses,black,shirt,speaking,microphone,appears,conversation,screen"
bXG5oCl7-O8,¿Cuáles son los pilares del estilo de vida saludable? https://youtu.be/IqdaoumslyE,47,estilo de vida,2026-08-19T16:45:14,https://www.youtube.com/watch?v=bXG5oCl7-O8,"The image is a screenshot from a Spanish TV show. It shows a man sitting at a table with a microphone in front of him. He is wearing a black suit and appears to be speaking into the microphone. The text on the image reads ""Eso es un error"" which translates to ""Error"" in English. The background is blurred, but it seems like the man is in a room with a wooden floor and a window.","screenshot,spanish,show,man,sitting,table,microphone,wearing,black,suit,appears,speaking,eso,error,translates"
S_pkfJ1A-lM,Este Carrito De Bebé Se Convierte En Coche 😱,9,estilo de vida,2026-08-19T16:45:14,https://www.youtube.com/watch?v=S_pkfJ1A-lM,"The image is a collage of three photographs of a red car with the word ""convertise"" written on it. The car appears to be a modern model with a sleek design and a large front grille. It has four large, black wheels and a black seat. The background shows a busy street with people walking on the sidewalk and a building in the distance. The image is taken from a low angle, looking up at the car.","collage,three,photographs,red,car,word,convertise,written,appears,modern,model,sleek,design,large,grille"
bsth0bhsEjU,Estilo de vida saludable #estilodevidasaludable,21,estilo de vida,2026-08-19T16:45:14,https://www.youtube.com/watch?v=bsth0bhsEjU,"The image is a collage of three photos showing a dish called ""Esto no es saludable"" which translates to ""No saludables"" in English. The dish appears to be a type of casserole or lasagna, with a layer of green vegetables and melted cheese on top. The vegetables are arranged in a circular pattern on a white plate. The plate is placed on a wooden table, and there is a small bowl of sauce in the top right corner of the image. The text on the image reads ""Estos no es Saludable"".","collage,three,photos,dish,called,esto,saludable,translates,saludables,english,appears,type,casserole,lasagna,layer"
1ugNRb47iG0,"Estilo de vida, inflamação e adoecimento",51,estilo de vida,2026-08-19T16:45:14,https://www.youtube.com/watch?v=1ugNRb47iG0,"The image is a collage of two photos. On the left side, there is a woman standing in front of a whiteboard with the word ""Sistem"" written on it. She is wearing a black and white patterned top and black pants. She has shoulder-length brown hair and is smiling at the camera. The woman is holding a small purple object in her hand and appears to be speaking or giving a presentation. The background is blurred, but it seems like she is standing in a room with other people in the background. The text on the whiteboard reads ""Hole a nossa vida est","collage,photos,left,side,woman,standing,whiteboard,word,sistem,written,wearing,black,white,patterned,pants"
_NxhOIOk08c,Garoto de 17 anos possui 3 empresas. 😮‍💨 #empreendedorismo #marketingdigital #sucesso #riqueza #rico,17,empreendedorismo,2026-08-19T16:44:48,https://www.youtube.com/watch?v=_NxhOIOk08c,"The image is a screenshot from a video posted on a Facebook post. It shows a young man standing on a sidewalk, holding a microphone and smiling at the camera. He is wearing a black jacket and appears to be in a conversation with another young man. The text on the image reads ""TEM?"" which translates to ""What is the name of the young man?"" in English. The background shows a street with trees and a building.","screenshot,video,posted,facebook,post,young,man,standing,sidewalk,holding,microphone,smiling,camera,wearing,black"
LYHVn54rTmY,💡 EMPRESÁRIO vs EMPREENDEDOR 🍉 Qual a diferença? #Empreender #Mindset #Negócios#motivação #brasil,9,empreendedorismo,2026-08-19T16:44:48,https://www.youtube.com/watch?v=LYHVn54rTmY,"The image is a comparison between two illustrations of a fruit stand. On the left side, there is a man wearing a hat and apron, standing behind a counter with a bunch of watermelons on it. He is holding a glass of red juice and appears to be selling it. In the middle, there are two men standing behind the counter, one of them is holding an umbrella and the other is holding up a sign that reads ""EMPRESARIO"" and ""EMPREENDEDOR"". On the right side of the image, the same man is standing in front of a table with a pitcher of watermelon","comparison,between,illustrations,fruit,stand,left,side,man,wearing,hat,apron,standing,behind,counter,bunch"
V1PxCo2Lhuw,DICAS para quem está COMEÇANDO no EMPREENDEDORISMO! #renatocariani #dicas #empreendedorismo #foco,58,empreendedorismo,2026-08-19T16:44:48,https://www.youtube.com/watch?v=V1PxCo2Lhuw,"The image is a collage of three photos of a man in a gym. The man is wearing a red t-shirt with the word ""EMP"" and ""DOR"" written on it in white letters. He is standing in front of a gym machine and appears to be in the middle of a workout. The background is blurred, but it seems like he is in a large room with other gym equipment visible. The image also has a yellow banner at the bottom with the text ""EMPREENDEDOR"" in white lettering.","collage,three,photos,man,gym,wearing,red,shirt,word,emp,dor,written,white,letters,standing"
Qx5OS0U6qJY,3 livros que todo empresário deveria ler #livros #leitura #empreendedorismo #empreeder #negocios,10,empreendedorismo,2026-08-19T16:44:48,https://www.youtube.com/watch?v=Qx5OS0U6qJY,"The image is a collage of three different pictures. The first picture on the left shows a close-up of a green plant with long, thin leaves. The second picture in the middle shows a stack of books with the title ""3 Livros que todo empreendedor deveria ler"" written in white text. The third picture is in the center of the collage and shows a person's hand holding a book. The background is blurred, but it appears to be a garden or a park with trees and greenery. The text on the image reads ""3 LIVROS QUER DEV","collage,three,different,pictures,first,picture,left,close,green,plant,long,thin,leaves,second,stack"
kd8iI9FLDzU,Não faz sentido você não ser empreendedor!,55,empreendedorismo,2026-08-19T16:44:48,https://www.youtube.com/watch?v=kd8iI9FLDzU,"The image is a still from the Indian television show, Bigg Boss. It shows a man sitting on a black leather chair with his hands on his head, looking frustrated or upset. He is wearing a green t-shirt with the word ""quando"" written on it and blue jeans. The background is dark and there are other people in the background, suggesting that the show is taking place in a dimly lit room. The man appears to be deep in thought, with a serious expression on his face.","still,indian,television,show,bigg,boss,man,sitting,black,leather,chair,hands,head,looking,frustrated"
Fn942UcZYB8,5 FILMES que TODO EMPREENDEDOR PRECISA ASSISTIR,20,empreendedorismo,2026-08-19T16:44:48,https://www.youtube.com/watch?v=Fn942UcZYB8,"The image is a movie poster for the film ""5 Films que todo empreendedor deve assistir"" (5 films que todos empreendedor) by Deve assisti. The poster features a portrait of a man in a suit and tie standing in front of a McDonald's restaurant. The man is looking off to the side with a serious expression on his face. The background is a dark blue color with the McDonald's logo in the top left corner. The title of the film is written in white text at the top of the poster.","movie,poster,film,films,que,todo,empreendedor,deve,assistir,todos,assisti,features,portrait,man,suit"
T0T1rloEG30,Siga-nos para mais conteúdos. 📊💰 #empreendedor #empreendedorismo #vendas #negocio #empresa #riqueza,6,empreendedorismo,2026-08-19T16:44:48,https://www.youtube.com/watch?v=T0T1rloEG30,"The image is a bar graph that shows the percentage of people who have invested in Rio de Janeiro, Brazil. The graph is divided into three sections, each representing a different aspect of the city.

The first section is titled ""OS POE"" which translates to ""OS POPES"" in English. The second section is labeled ""O MOTIVO DO RICO FICAR MAIS RICO"" and shows that the majority of people in the city have invested the Rio Grande do Rio. The third section is labelled ""OS POBRES"" and has a bar chart that shows that there are three people investing in","bar,graph,percentage,people,who,invested,rio,janeiro,brazil,divided,three,sections,each,representing,different"
CapLvXCnytE,6 negócios que ninguém tá olhando agora mais vão explodir em 2026 #ia  #empreendedorismo #negocios,8,empreendedorismo,2026-08-19T16:44:48,https://www.youtube.com/watch?v=CapLvXCnytE,"The image shows a man sitting at a desk with a laptop in front of him. He is wearing a white shirt and has long dark hair. He has a big smile on his face and is holding a glass of water in his hand. The background is dark and there is a text overlay on the image that reads ""6 negocios que ninguêm tá ollando agora mas vão explodir em 2026"".","man,sitting,desk,laptop,wearing,white,shirt,long,dark,hair,big,smile,face,holding,glass"
q94i7n22HGQ,DICAS PARA ABRIR O SEU NEGÓCIO - FLÁVIO AUGUSTO,34,empreendedorismo,2026-08-19T16:44:48,https://www.youtube.com/watch?v=q94i7n22HGQ,"The image is a screenshot from a video interview. It shows a man sitting at a table with a microphone in front of him. He is wearing a blue t-shirt and appears to be speaking into the microphone. The background is dark and there is a plant in the corner of the room. The man is gesturing with his hands as if he is making a point or making a statement. The text on the image reads ""pra não ter patrão"" which translates to ""praise for the patron"" in English.","screenshot,video,interview,man,sitting,table,microphone,wearing,blue,shirt,appears,speaking,dark,plant,corner"
anc0Zm93arc,🚨 REFLITA SOBRE O QUE ELE ACABOU DE DIZER! 😲 #reflexão #empreendedor #garotoempreendedor #jovens,54,empreendedorismo,2026-08-19T16:44:48,https://www.youtube.com/watch?v=anc0Zm93arc,"The image is a collage of three photos. The first photo on the top left shows a young man with short blonde hair and a black t-shirt. He is holding a yellow card in his hand and appears to be speaking into a microphone. The second photo in the middle shows a man with glasses and a beard, who is wearing a gray shirt. The third photo is a close-up of the man's face and is holding up a yellow credit card. The text on the image reads ""Ola o que ele fez com apenas 20 reais"" which translates to ""Oluha o que e","collage,three,photos,first,photo,left,young,man,short,blonde,hair,black,shirt,holding,yellow"
XaBzyk8P4xo,O Que Você Faz Nessa Hora? 😅 #empreendedorismo #vendas,22,empreendedorismo,2026-08-19T16:44:48,https://www.youtube.com/watch?v=XaBzyk8P4xo,"The image is a collage of three photos. The first photo on the top left shows a young girl standing in front of a food cart. She is wearing a blue t-shirt with the word ""Fazer"" written on it and has long braids in her hair. The second photo in the middle shows a man with a beard and glasses standing next to the cart. He is holding a tray of food and appears to be giving a speech. The third photo is a screenshot from a video call with a caption that reads ""O que d'avontade de fazer quando o cliente pede pela","collage,three,photos,first,photo,left,young,girl,standing,food,cart,wearing,blue,shirt,word"
L5QTCiYs9wA,💡 EMPREENDEDORISMO NA PRÁTICA!,15,empreendedorismo,2026-08-19T16:44:48,https://www.youtube.com/watch?v=L5QTCiYs9wA,"The image shows a person's hand holding a red and blue car key. The key is attached to a silver metal object, which appears to be a keychain or a keyring. The background is blurred, but it seems like the person is in a garage or workshop. On the right side of the image, there is a photo of a man with a beard and mustache, wearing a grey t-shirt. The text on the image reads ""Eu te devolvo tambem os RS 0.25"".","person,hand,holding,red,blue,car,key,attached,silver,metal,object,appears,keychain,keyring,blurred"
dEVZNfAeucs,Dicas pra quem quer empreender,60,empreendedorismo,2026-08-19T16:44:48,https://www.youtube.com/watch?v=dEVZNfAeucs,"The image is a screenshot of a video call with a man in the center. He is wearing a blue t-shirt with the text ""Que soluciona a dor"" (meaning ""I love you"" in Portuguese) written on it. The man has a beard and a black beanie on his head and is making a silly face with his hands. He appears to be laughing or making a funny face. The background is blurred, but it seems like he is in a room with a plant in the corner.","screenshot,video,call,man,center,wearing,blue,shirt,que,soluciona,dor,meaning,love,you,portuguese"
YcIanYhxTDU,Como se tornar um empreendedor de sucesso,42,empreendedorismo,2026-08-19T16:44:48,https://www.youtube.com/watch?v=YcIanYhxTDU,"The image is a screenshot from a Spanish TV show. It shows a man sitting at a desk with a microphone in front of him. He is wearing a black suit and appears to be speaking into the microphone. The background is dark and there is a neon sign behind him that reads ""O que é ISSO"". The man is looking to the side with a serious expression on his face.","screenshot,spanish,show,man,sitting,desk,microphone,wearing,black,suit,appears,speaking,dark,neon,sign"
Ui8eUXDm7ME,TRABALHAR EM CASA: 4 IDEIAS DE NEGÓCIO PARA ABRIR E TRABALHAR EM CASA,16,empreendedorismo,2026-08-19T16:44:48,https://www.youtube.com/watch?v=Ui8eUXDm7ME,"The image is a screenshot of a video call between two people. On the left side of the image, there is a young girl with long brown hair and a big smile on her face. She is standing in front of a brick wall with clothes hanging on a rack in the background. The text on the image reads ""4 ideas de negócio em casa"" which translates to ""4 idea of negocio"" in English. Below the text, there are two buttons - ""Video completo no canal"" and ""Ocio"".","screenshot,video,call,between,people,left,side,young,girl,long,brown,hair,big,smile,face"
IU2ikbwst-o,DIA 1 MONTANDO MINHA EMPRESA COM 16 ANOS!! 🤯💸#empreendedorismo #empresa #negocios #empreendedor,43,empreendedorismo,2026-08-19T16:44:48,https://www.youtube.com/watch?v=IU2ikbwst-o,"The image is a screenshot of a video call with a young man wearing a yellow and black striped shirt and headphones. He is sitting at a desk with a laptop in front of him. The man is looking directly at the camera with a serious expression on his face. The text on the image reads ""DIA 1 RS: 0.00"" which translates to ""Dia 1 RS : 0,00"". The background appears to be a room with a window and a plant.","screenshot,video,call,young,man,wearing,yellow,black,striped,shirt,headphones,sitting,desk,laptop,looking"
LwQW8w56jzE,COMO EU FAÇO 45 MIL POR SEMANA AOS 17 ANOS #empreendedorismo #ecommerce #dropshipping,43,empreendedorismo,2026-08-19T16:44:48,https://www.youtube.com/watch?v=LwQW8w56jzE,"The image is a collage of three photographs of a room with a man standing in the center. The room appears to be a library or a study area with bookshelves on the right side and a desk on the left side. The man is wearing a black shirt and is standing in front of a large screen with the text ""Como eu fação 45 mil por semana AOS 17 anos"" (meaning ""45 mil for semana"" in Portuguese) written on it. The text is written in Portuguese. The image is likely a promotional poster for a video game or video game.","collage,three,photographs,room,man,standing,center,appears,library,study,area,bookshelves,right,side,desk"
Ko59gOqx0K4,#empreendedorismo #empresas #empreender #empresa #dinheiro #contabilidade #comedia #negocios #mei,19,empreendedorismo,2026-08-19T16:44:48,https://www.youtube.com/watch?v=Ko59gOqx0K4,"The image is a collage of three photos. The first photo on the top left shows a young boy sitting at a table with a plate of food in front of him. He is wearing a blue t-shirt and appears to be in a restaurant or cafe. The second photo in the middle shows a man sitting at the table with his arms crossed and a serious expression on his face. The third photo shows a woman sitting at another table with various food items on it. The text on the image reads ""Quando me arrependo da promocão"" which translates to ""What is the best way to make a","collage,three,photos,first,photo,left,young,boy,sitting,table,plate,food,wearing,blue,shirt"
nXoU0N0AUNA,CLT ou EMPREENDER? 💸👷🏽‍♂️ #clt #trabalho #empreendedorismo #dinheiro #negocios,54,empreendedorismo,2026-08-19T16:44:48,https://www.youtube.com/watch?v=nXoU0N0AUNA,"The image is a collage of two photos. On the left side, there is a man with long curly hair and a beard, wearing a black t-shirt with a cartoon character on it. He is holding a microphone in his right hand and appears to be speaking into it. The background is blurred, but it seems to be an indoor space with a yellow wall and a sign that reads ""A Seguranca do CLT"". On the right side of the image, there are two smaller photos of the same man, one of him holding the microphone and the other of him standing in front of a car. The","collage,photos,left,side,man,long,curly,hair,beard,wearing,black,shirt,cartoon,character,holding"
MuwY8mH6MN0,HISTÓRIA DE FLAVIO AUGUSTO #shorts #geraçãodevalor #empreendedorismo #educação,60,empreendedorismo,2026-08-19T16:44:48,https://www.youtube.com/watch?v=MuwY8mH6MN0,"The image is a still from a video posted on Instagram. It shows a young man and a young woman standing close together and smiling at the camera. The man is wearing a white t-shirt and a baseball cap, and the woman is wearing an orange shirt. They are standing in front of a white background with a banner that reads ""Kaiser 1500"" and ""Chamada Luciana"". The image appears to be taken from a low angle, with the man's arm around the woman's waist.","still,video,posted,instagram,young,man,woman,standing,close,together,smiling,camera,wearing,white,shirt"
3kBcG0Xm0fE,Mobile App UI/UX  Design in Figma,5,design UI,2026-08-19T16:44:08,https://www.youtube.com/watch?v=3kBcG0Xm0fE,"The image shows three mobile screens of a mobile app called ""Swizz King"". The first screen shows the app's menu with a hamburger on the left side and a menu bar on the right side. The menu bar has various options such as ""Hello Athar"", ""Hamburger"", and ""Mobile App"". 

In the middle screen, there is a screenshot of the app with a burger on it. The burger is a large hamburger with lettuce, tomato, and cheese on top. The app has a white background and a blue header with the brand name and logo. Below the burger, there are","three,mobile,screens,app,called,swizz,king,first,screen,menu,hamburger,left,side,bar,right"
s8TB6Dpq4jQ,Simple and smart slide menu for mobile app 🌱 using Figma #technology  #figma #uidesign,7,design UI,2026-08-19T16:44:08,https://www.youtube.com/watch?v=s8TB6Dpq4jQ,"The image shows a person's hand holding an iPhone X in front of a laptop. The person is holding the phone with both hands and appears to be in the middle of a conversation. The phone screen displays a green screen with a white background and a green app icon. The laptop screen is visible in the background, with various app icons and text on it. The background is dark, suggesting that the photo was taken in a dimly lit room.","person,hand,holding,iphone,laptop,phone,both,hands,appears,conversation,screen,displays,green,white,app"
aoFMyMYhKCM,My 5-Step UX/UI Design Process — From Start to Deliver,16,design UI,2026-08-19T16:44:08,https://www.youtube.com/watch?v=aoFMyMYhKCM,"The image shows a person's hand holding a pen and drawing on a whiteboard. The whiteboard is placed on a wooden desk with a keyboard and other office supplies scattered around it. On the left side of the image, there is a drawing of a person with their head turned to the side. The drawing appears to be a wireframe or a sketchbook, with various lines and shapes representing different components and connections. The person is wearing a watch on their wrist.","person,hand,holding,pen,drawing,whiteboard,placed,wooden,desk,keyboard,office,supplies,scattered,around,left"
lD_TXcNfNrA,O poder do UI/UX 🎨 #design #uidesign,8,design UI,2026-08-19T16:44:08,https://www.youtube.com/watch?v=lD_TXcNfNrA,"The image shows a laptop with a screen displaying an image of Spiderman. The laptop is open and the screen is turned on, displaying the home screen of the laptop. The background of the screen shows a white background with a red Spiderman logo in the center. The logo is of a man in a red and blue suit with his arms stretched out in front of him. The screen also has various app icons, including Adobe Photoshop, Adobe Illustrator, and Adobe Photoshop. At the bottom of the image, there is a keyboard with the Adobe logo and the words ""MacBook Pro"" written on it.","laptop,screen,displaying,spiderman,open,turned,home,white,red,logo,center,man,blue,suit,arms"
pzb2L2uOtvc,Who won? ChatGPT or UI/UX designer AI has replaced those creating templates and basic designs — but,17,design UI,2026-08-19T16:44:08,https://www.youtube.com/watch?v=pzb2L2uOtvc,"The image shows a man with a beard and glasses sitting in a dark room with red lights. He is holding a black coffee mug in his hand and appears to be deep in thought. The text on the image reads ""VS web designer"". The man is wearing a black t-shirt and has a serious expression on his face. The background is blurred, but it seems like he is in a dimly lit room.","man,beard,glasses,sitting,dark,room,red,lights,holding,black,coffee,mug,hand,appears,deep"
XY50xLKkD1w,Design almost any mobile apps #uidesign #userinterfacedesign #design,18,design UI,2026-08-19T16:44:08,https://www.youtube.com/watch?v=XY50xLKkD1w,"The image shows three mobile screens of a website or app. The first screen on the left shows the home screen of the website with various app icons and settings. The second screen in the middle shows three screenshots of the app's home screen. The third screen shows the app open on a smartphone with a purple background and a white background. The app icons are arranged in a grid-like pattern and the text on the screen reads ""Welcome to the website"". The website appears to be a modern and sleek design with a clean and minimalistic layout.","three,mobile,screens,website,app,first,screen,left,home,various,icons,settings,second,screenshots,third"
yVXsS59LYJ0,I Tested Figma and Sketch for Website UI Design Here's What's BEST,10,design UI,2026-08-19T16:44:08,https://www.youtube.com/watch?v=yVXsS59LYJ0,"The image is a digital illustration of a website design for a company called ""The Design"". The background is a light grey color and the text is in a bold, sans-serif font. In the center of the image, there is a white rectangular screen with a colorful wave-like design in the center. The design is made up of different shades of pink, purple, and blue, creating a gradient effect. Below the wave design, there are two smaller screens with the company's logo and contact information. The text ""Code with me"" is written in a smaller font below the screen. The overall design is modern and","digital,illustration,website,design,company,called,light,grey,color,bold,sans,serif,font,center,white"
-FaekY2QQK8,How to design App UI using AI #ai #aiwebsites,16,design UI,2026-08-19T16:44:08,https://www.youtube.com/watch?v=-FaekY2QQK8,"The image shows a cartoon character of a man with a beard and mustache standing in front of a computer screen. The character appears to be a character from a video game or app, as he is wearing a gray shirt and has a big smile on his face. He is gesturing with his hands as if he is explaining something. On the screen, there are several tabs open, including a search bar, a menu bar, and a list of items. The background of the screen is a dark grey color.","cartoon,character,man,beard,mustache,standing,computer,screen,appears,video,game,app,wearing,gray,shirt"
cWr8wpjIphk,How I design an app icon for one of my products. #ux #ui #app #appdesign #longevity #icondesign,17,design UI,2026-08-19T16:44:08,https://www.youtube.com/watch?v=cWr8wpjIphk,"The image shows a computer monitor with an app icon on the screen. The app icon is a white circle with an orange outline and the text ""an app icon"" in the center. The background of the screen is black and there are several app icons visible on the bottom right corner. The monitor is mounted on a white wall with a red curtain on the right side.","computer,monitor,app,icon,screen,white,circle,orange,outline,center,black,several,icons,visible,right"
_-Eo8G3CYWc,Spaceedu  about earth website design  UI/UX Design Animation Examples For Inspiration,11,design UI,2026-08-19T16:44:08,https://www.youtube.com/watch?v=_-Eo8G3CYWc,"The image is a screenshot of a website homepage. The background is a solid blue color and the main focus of the image is the top view of a large, dark-colored landscape. The landscape appears to be a mountainous area with a few patches of snow and ice visible. The top of the page has a white header with the website's logo and a search bar. Below the header, there is a text box with the text ""Welcome to the website"" in white text. The text box is centered on the page and is surrounded by a white border. The overall design of the website is modern and minimalistic.","screenshot,website,homepage,solid,blue,color,main,focus,view,large,dark,colored,landscape,appears,mountainous"
y-0V4fI6WN0,Banking App - Sketch to UI Design Process,19,design UI,2026-08-19T16:44:08,https://www.youtube.com/watch?v=y-0V4fI6WN0,"The image shows a person's hand holding a pen and writing on a whiteboard. The whiteboard is in front of a gray wall with a door on the left side. On the right side of the image, there is a drawing of a phone with the letters ""B"" and ""Sell"" written on it. The phone appears to be a home button or a keypad. The person is using the pen to draw on the phone.","person,hand,holding,pen,writing,whiteboard,gray,wall,door,left,side,right,drawing,phone,letters"
q3uCnSeUvTI,La différence UX UI expliquée en 30 secondes — #teamzita,39,design UI,2026-08-19T16:44:08,https://www.youtube.com/watch?v=q3uCnSeUvTI,"The image shows a man sitting at a desk in front of a microphone. He is wearing a white t-shirt and has a beard and glasses. He appears to be in a recording studio or a radio studio. The background is blue and there is a microphone stand on the left side of the image. On the right side, there is another person sitting at the desk and a white coffee mug. The image also has a red ""UX #UI"" logo in the center.","man,sitting,desk,microphone,wearing,white,shirt,beard,glasses,appears,recording,studio,radio,blue,stand"
jmyZyjwiryc,Life as a UX Designer,9,design UI,2026-08-19T16:44:08,https://www.youtube.com/watch?v=jmyZyjwiryc,"The image shows a person's hand holding a transparent plastic bag with the word ""Rola"" written on it. The bag appears to be made of a transparent material and is placed on a white surface. The laptop is silver in color and has a black keyboard. The background is blurred, but it seems to be a room with a window and a plant. The person is holding the bag with both hands and is looking at it intently.","person,hand,holding,transparent,plastic,bag,word,rola,written,appears,made,material,placed,white,surface"
0ZyY6WddWuk,"Hear me out! Figma, just do it!😉",13,design UI,2026-08-19T16:44:08,https://www.youtube.com/watch?v=0ZyY6WddWuk,"The image is a screenshot of a mobile phone screen with a green background. The screen is rectangular in shape and has a white border around the edges. In the center of the screen, there is a white circle with a black outline. Above the circle, the word ""Designer"" is written in black text. The background has a curved design in the background.","screenshot,mobile,phone,screen,green,rectangular,shape,white,border,around,edges,center,circle,black,outline"
N1wNgWA0sVc,Before After UI design in figma | UI/UX Design #figma #uidesign #ui #tutorial #design#appdesign #app,9,design UI,2026-08-19T16:44:08,https://www.youtube.com/watch?v=N1wNgWA0sVc,"The image is a screenshot of a mobile app interface. The background is a gray color with a grid-like pattern. In the center of the image, there is a white rectangular panel with multiple tabs and menus. The tabs are arranged in a grid pattern and appear to be user-friendly. On the top left corner, there are two buttons - one for submitting the app and the other for submitting it to the user. At the bottom right corner, the text ""Subscribe for more"" is written in a cursive font.","screenshot,mobile,app,interface,gray,color,grid,like,pattern,center,white,rectangular,panel,multiple,tabs"
qK6bdKNGOIo,Create a Stunning Login UI in Figma | Step-by-Step Tutorial,43,design UI,2026-08-19T16:44:08,https://www.youtube.com/watch?v=qK6bdKNGOIo,"The image shows three mobile screens of a mobile application called ""Welcome Back"". The screens are arranged in a triangular formation, with the first screen on the left, the second screen in the middle, and the third screen at the bottom. All three screens have a blue background with white text that reads ""Welcome back"" and ""Get Started"". 

The first screen has a white background with a blue circle in the center. The second screen has an image of a blue and white abstract design. The third screen has the same blue background and white text. The text on the screen reads ""Get started"" and there is a","three,mobile,screens,application,called,welcome,back,arranged,triangular,formation,first,screen,left,second,third"
CaFnJ6NGPEk,6 UI/UX trends every designer should know in 2026(save this post if you want your designs to,9,design UI,2026-08-19T16:44:08,https://www.youtube.com/watch?v=CaFnJ6NGPEk,"The image shows a black electronic device with the word ""Neumorphism"" written on it in white text. The device appears to be a control panel with two buttons on the top and bottom. The buttons are arranged in a grid-like pattern and are likely used to control the device's functions. On the right side of the device, there is a smaller button that can be used to adjust the settings. The background is dark, and there are two other buttons on either side of each button. The overall design is modern and sleek, with a minimalist aesthetic.","black,electronic,device,word,neumorphism,written,white,appears,control,panel,buttons,arranged,grid,like,pattern"
BWy6S53ppY4,Reacting to bad UI design part 2,55,design UI,2026-08-19T16:44:08,https://www.youtube.com/watch?v=BWy6S53ppY4,"The image is a screenshot from a video interview. It shows a man sitting in front of a microphone and smiling at the camera. He is wearing a black t-shirt and appears to be in a recording studio. Behind him, there is a wall with framed pictures hanging on it. On the top left corner of the image, there are two red letters that spell out ""FIREED"" in white text. The text on the top right corner reads ""created by u/caitrop"".","screenshot,video,interview,man,sitting,microphone,smiling,camera,wearing,black,shirt,appears,recording,studio,behind"
Bjf6qJqVFRY,مين هو الUI/UX Designer ؟,54,design UI,2026-08-19T16:44:08,https://www.youtube.com/watch?v=Bjf6qJqVFRY,"The image is a screenshot of a video call with a man in the center. He is wearing a black t-shirt with a green checkmark on it and the text ""User Driven"" written in Arabic. The man is bald and has a mustache and is smiling at the camera. The background is blurred, but it appears to be an office or a workspace with computer monitors and other office supplies.","screenshot,video,call,man,center,wearing,black,shirt,green,checkmark,user,driven,written,arabic,bald"
OszyWTeSe8Q,Generate UI from simple Text with AI,11,design UI,2026-08-19T16:44:08,https://www.youtube.com/watch?v=OszyWTeSe8Q,"The image is a screenshot of a mobile phone screen with the text ""Text to UI... with AI"" displayed on it. The background of the screen is a dark purple color with a white border. On the top left corner, there is a menu bar with options such as ""UX PILOT"", ""Text"", and ""AI"". On the right side of the image, there are two buttons - ""Text"" and ""UI"". At the bottom right corner, the user's name and contact information are displayed in white text. In the center of the screenshot, there appears to be a hand icon, indicating that the user","screenshot,mobile,phone,screen,displayed,dark,purple,color,white,border,left,corner,menu,bar,options"
mBtcahh35lA,The worst UI designs part 8,60,design UI,2026-08-19T16:44:08,https://www.youtube.com/watch?v=mBtcahh35lA,"The image is a screenshot of a video call with a man speaking into a microphone. The man is wearing a black t-shirt and appears to be in a recording studio. On the top of the image, there is a pop-up window with the word ""OKAY"" written in green and blue text. Below the window, there are two buttons - ""Create account"" and ""Created by u/fibbey"". On the left side of the window is a green circle with the text ""Sign up for this awesome website"". On top of this window is an image of a website with a blue and white color scheme","screenshot,video,call,man,speaking,microphone,wearing,black,shirt,appears,recording,studio,pop,window,word"
IZhrWciG_dU,Wireframe vs Design Portfolio Website #figma #learnfigma #redoui #learnuiux #figmatutorials,8,design UI,2026-08-19T16:44:08,https://www.youtube.com/watch?v=IZhrWciG_dU,"The image shows three mobile screens of a website design. The first screen on the left shows the homepage of the website with the text ""Web developer"" and a photo of a man with a beard and mustache. The second screen in the middle shows the website's homepage with a cartoon-like illustration of a person holding a phone and smiling. The third screen shows a website with a banner that reads ""Web Developer"" and an image of a lightning bolt. The background of the screen is black with a red and orange gradient. At the bottom of the image, there is a button that says ""Design"" with a smiley face","three,mobile,screens,website,design,first,screen,left,homepage,web,developer,photo,man,beard,mustache"
CKi8NbBIk-Q,from fashion designer to ux designer ✨ career switch,18,design UI,2026-08-19T16:44:08,https://www.youtube.com/watch?v=CKi8NbBIk-Q,"The image is a collage of three photos. The first photo on the left shows a young woman with dark hair, wearing a white t-shirt with a black logo on it. She is holding a pair of headphones to her ears and appears to be listening to music. The second photo in the middle shows the same woman, but with a more serious expression on her face. The third photo is a close-up of the woman's face, with her eyes closed and her mouth slightly open. The background is blurred, but it seems to be a living room with plants and a lamp. The text on the image reads ""","collage,three,photos,first,photo,left,young,woman,dark,hair,wearing,white,shirt,black,logo"
Lc_BVogwn0Q,AI UI Magic: From Zero to Game-Ready in Seconds! #shorts,26,design UI,2026-08-19T16:44:08,https://www.youtube.com/watch?v=Lc_BVogwn0Q,"The image is a screenshot from a video game. It shows a gray background with a rectangular box in the center. The box has a green label that reads ""A Freelancer"" in white text. On the top right corner of the box, there are two red and white dice, one on each side. The dice are placed on top of the dice, and the dice are arranged in a way that they are facing towards the left side of the image. The background is black, and there are several other rectangular boxes scattered around the box. The overall color scheme of the background is gray, orange, and green.","screenshot,video,game,gray,rectangular,box,center,green,label,freelancer,white,right,corner,red,dice"
3fEx0mCZWVo,Top UI/UX Components Every Designer Must Know! 🚀 | UI Design Basics #beginner #education #webdevelop,11,design UI,2026-08-19T16:44:08,https://www.youtube.com/watch?v=3fEx0mCZWVo,"The image is a screenshot of a UI/UX component panel. The panel is divided into two sections. On the left side, there is a slider with the word ""SLIDER"" written on it. Below the slider, there are several buttons and options for the user to choose from. 

On the right side of the panel, it has a navigation bar with options such as ""Navbar"", ""Pagination"", ""Modal"", and ""Spinner"". Below the navigation bar, it says ""Alert"".

The panel also has a list of buttons, including ""Button"", ""Input"", ""Output","screenshot,component,panel,divided,sections,left,side,slider,word,written,below,several,buttons,options,user"
F07m45-cs5I,How to install scikit-learn #viral #trending #programming #python,20,biblioteca scikit-learn,2026-08-19T16:43:38,https://www.youtube.com/watch?v=F07m45-cs5I,"The image is a screenshot of a pop-up window in a software interface. The window is titled ""Untitled.ipynb"" and it appears to be a tutorial or guide on how to install a new file in the software. 

On the left side of the window, there is a blue rectangle with the text ""i pip in"" written on it. On the right side, there are two options - ""Edit"" and ""View"". The ""Run"" option is highlighted, indicating that the user is in the process of running the file.

At the bottom of the image, there has a white","screenshot,pop,window,software,interface,titled,untitled,ipynb,appears,tutorial,guide,how,install,new,file"
l_b411YNhn0,Python Libraries and Frameworks         #python #libraries #frameworks #learnpython,6,biblioteca scikit-learn,2026-08-19T16:43:38,https://www.youtube.com/watch?v=l_b411YNhn0,"The image is a diagram that shows the hierarchy of Python libraries and frameworks. The diagram is divided into three sections, each representing a different aspect of the Python programming language.

The first section is titled ""Python Libraries and Frameworks"" and it shows the different types of libraries and their respective frameworks. It is a pyramid-shaped structure with different colors representing different levels of libraries. The colors are blue, green, yellow, and pink, and the hierarchy is represented by a pyramid with different levels. The top level is labeled ""Automation"", the middle level is labelled ""Automatic"", and the bottom level is marked with","diagram,hierarchy,python,libraries,frameworks,divided,three,sections,each,representing,different,aspect,programming,language,first"
DSI5bcxeBvc,"NumPy, Pandas, SciKit - Why are these Python Libraries required? Differences between them!",58,biblioteca scikit-learn,2026-08-19T16:43:38,https://www.youtube.com/watch?v=DSI5bcxeBvc,"The image is a screenshot from a video call. It shows a young woman with long dark hair, wearing a blue and white striped shirt, sitting in front of a pink background. She is holding a microphone and appears to be speaking into it. The text on the image reads ""And once the data is ready.""","screenshot,video,call,young,woman,long,dark,hair,wearing,blue,white,striped,shirt,sitting,pink"
ZYYzbX4SErA,Scikit-Learn,11,biblioteca scikit-learn,2026-08-19T16:43:38,https://www.youtube.com/watch?v=ZYYzbX4SErA,"The image is a photograph of a white banner with black text that reads ""Scikit-learn"" in Spanish. The banner is hanging on a black wall with a wooden frame. The text is written in a cursive font and is centered on the banner. Below the text, there is a smaller text in Spanish that translates to ""Biblioteca para aprendizado de máquina em Python."" The banner appears to be a reference to the Spanish language, as indicated by the ""@littonsilver"" logo at the bottom of the image.","photograph,white,banner,black,scikit,learn,spanish,hanging,wall,wooden,frame,written,cursive,font,centered"
V_eH6i32B7o,As 5 principais bibliotecas Python para análise de dados #Python#AnáliseDeDados#DataVisualization,57,biblioteca scikit-learn,2026-08-19T16:43:38,https://www.youtube.com/watch?v=V_eH6i32B7o,"The image is a diagram that shows the different types of pandas and sympy networks. The diagram is divided into two sections, with the top section showing the nodes of the pandas, the middle section showing a network of nodes, and the bottom section showing two nodes.

The nodes are represented by different colors - blue, yellow, and green. The blue node is labeled ""Numpy"" and the yellow node is labelled ""Sympy"". The green node is connected to the blue node with a red line, representing the network. The red node represents the network's connections, while the green node represents a network connection","diagram,different,types,pandas,sympy,networks,divided,sections,section,nodes,network,represented,colors,blue,yellow"
jkKO_q1D_-Y,Welcome to the Scikit-learn MOOC!,57,biblioteca scikit-learn,2026-08-19T16:43:38,https://www.youtube.com/watch?v=jkKO_q1D_-Y,"The image shows a man standing in front of a white background. He is wearing a yellow sweater and glasses and appears to be giving a presentation. On the right side of the image, there is text that reads ""Practical aspects of Machine Learning"". Below the text, there are three bullet points that explain the different aspects of machine learning.

The first bullet point reads ""Tabular data"", followed by ""Data preparation"", ""Data visualization"", and ""Executable Python code"". The second bullet point says ""Tabulas data"", ""data visualization"", ""Executable Python code"", and the third bullet point states ""Data","man,standing,white,wearing,yellow,sweater,glasses,appears,giving,presentation,right,side,practical,aspects,machine"
SwGtUxqb9RA,Sklearn: Build Your First ML Model #Python #MachineLearning #scikitlearn,18,biblioteca scikit-learn,2026-08-19T16:43:38,https://www.youtube.com/watch?v=SwGtUxqb9RA,"The image is a collage of two photos. On the left side, there is a screenshot of a code snippet with the text ""accuracy = x, x, test, y, train, y-test"" written on it. The code snippet appears to be related to the process of creating a new code.

On the right side of the image, there are two photos of a young man. He is wearing a black t-shirt and is smiling at the camera. The background is white and the text is written in black. The text on the image reads ""create"".","collage,photos,left,side,screenshot,code,snippet,accuracy,test,train,written,appears,related,process,creating"
z91lM21BqXo,Linear Regression with Scikit-Learn - Python Explained,53,biblioteca scikit-learn,2026-08-19T16:43:38,https://www.youtube.com/watch?v=z91lM21BqXo,"The image is a screenshot of a code editor window in Visual Studio. The window is divided into two sections. On the left side, there is a list of code snippets in the code editor, with the first section showing the code snippet and the second section displaying the code. The code snippets are written in a programming language, with each code snippet having a different color and size.

On the right side of the window, there are two buttons - ""Print"" and ""Print"". The first button is labeled ""Print"", indicating that the user is in the process of creating a new code snippet. The second button is titled","screenshot,code,editor,window,visual,studio,divided,sections,left,side,list,snippets,first,section,snippet"
wbT8L3Qzc6k,Scikit-Learn Library in Pyhton,45,biblioteca scikit-learn,2026-08-19T16:43:38,https://www.youtube.com/watch?v=wbT8L3Qzc6k,"The image is a slide from a data science guide. It has a blue background with white text. The title of the slide is ""Scikit-learn is probably the most useful library for machine learning in Python. The skelearn library contains a lot of efficient tools for machine Learning and statistical modeling including classification, regression, clustering and dimensionality reduction."" Below the title, there is an orange circle with the word ""scikit"" written in white. The slide also has a green bar at the top right corner.","slide,data,science,guide,blue,white,title,scikit,learn,probably,most,useful,library,machine,learning"
DkAVYmp466E,Simple Linear Regression Model in Python with scikit-learn,60,biblioteca scikit-learn,2026-08-19T16:43:38,https://www.youtube.com/watch?v=DkAVYmp466E,"The image shows a laptop with a code on the screen. The code appears to be a linear regression model with Python and scikit-learn. The laptop is placed on a blue surface with a blue background. The text on the image reads ""ML Shorts: Linear Regression: Build a Regression Model with Python & Scikit -Learn"".","laptop,code,screen,appears,linear,regression,model,python,scikit,learn,placed,blue,surface,shorts,build"
rBeW0etYfcI,Linear Regression Model in Python - Sklearn,59,biblioteca scikit-learn,2026-08-19T16:43:38,https://www.youtube.com/watch?v=rBeW0etYfcI,"The image is a screenshot of a computer screen with a scatter plot in the center. The scatter plot is made up of multiple blue dots arranged in a dotted pattern. The dots are evenly spaced and appear to be of different sizes and shapes. On the left side of the screen, there is a grid of lines and dots, and on the right side, there are several smaller dots scattered around the plot. At the bottom of the image, there appears to be a toolbar with various tools and options. The background is black, and the overall color scheme of the screenshot is predominantly blue.","screenshot,computer,screen,scatter,plot,center,made,multiple,blue,dots,arranged,dotted,pattern,evenly,spaced"
K5oMwU4gsUQ,python pandas installation,16,biblioteca pandas,2026-08-19T16:42:57,https://www.youtube.com/watch?v=K5oMwU4gsUQ,"The image is a screenshot of a computer screen with a black background. On the left side of the screen, there is a menu bar with various options such as File, Edit, View, Tools, and Help. At the top of the menu bar, there are several tabs for different settings. 

On the top right corner of the image, there appears to be a window with a message that reads ""Microsoft Windows Version 10.0.0, 1864.1865. Microsoft Corporation. All rights reserved. C:\Users\u0027s\u2022\u3022\us3022.","screenshot,computer,screen,black,left,side,menu,bar,various,options,such,file,edit,view,tools"
Y6hl61l3wtI,Numpy & Pandas - Python Data analysis #dataanalysis #datascience #ai #ml #coders,6,biblioteca pandas,2026-08-19T16:42:57,https://www.youtube.com/watch?v=Y6hl61l3wtI,"The image is a slide from a presentation about Numpy and Pandas. It has a title at the top that reads ""Must-Know Questions & Points"". Below the title, there is a list of questions and points related to the presentation. 

The first question is ""What is Numpy? and why is NUMP? and what is it fast?"". The second question is a question that asks the user to determine whether they are Pandas and DataFrame. The third question is about Python lists and Numpy arrays. The fourth question is from Numpy, which is a programming language used in Python programming. The","slide,presentation,about,numpy,pandas,title,must,know,questions,points,below,list,related,first,question"
1NVuPnQjUrs,O que é Pandas no Python e por que é tão importante para dados? #pandas #python,20,biblioteca pandas,2026-08-19T16:42:57,https://www.youtube.com/watch?v=1NVuPnQjUrs,"The image is a screenshot from a video interview with a man sitting in a chair in front of a computer monitor. The man is wearing a purple t-shirt with the text ""Python, Juppy, Pandas, SOI"" printed on it. He has a beard and glasses and is gesturing with his hands as if he is explaining something. The background is dark and there is a blue screen behind him. The text on the screen reads ""o Google vai"".","screenshot,video,interview,man,sitting,chair,computer,monitor,wearing,purple,shirt,python,juppy,pandas,soi"
t3WR1I3qa-A,🐼🤔📚 What's Pandas?,11,biblioteca pandas,2026-08-19T16:42:57,https://www.youtube.com/watch?v=t3WR1I3qa-A,"The image is a screenshot of a video call with a black background. On the left side of the image, there is a photo of a man with dark hair and a serious expression on his face. He is wearing a black shirt and appears to be speaking into a microphone. The text on the image reads ""Free Pandas Course"" and ""Like no support amount working is v"". On the right side, there are orange text that reads ""Opport"". The text is written in a modern font and is centered on the screen.","screenshot,video,call,black,left,side,photo,man,dark,hair,serious,expression,face,wearing,shirt"
5IWPBFbitAs,Selecting rows and columns from DataFrame in pandas,28,biblioteca pandas,2026-08-19T16:42:57,https://www.youtube.com/watch?v=5IWPBFbitAs,"The image is a screenshot of a pop-up window with the text ""Selecting rows and columns from a DataFrame"" at the top. Below the text, there is a code that reads ""import pandas as pd"". 

On the left side of the window, there are two lines of code, one representing the data and the other representing the name of the data. The code is written in black text on a white background. On the right side, the code reads ""anthony 1"".

At the bottom right corner of the image, there appears to be a text field with the name ""","screenshot,pop,window,selecting,rows,columns,dataframe,below,code,import,pandas,left,side,lines,representing"
U_xMLEnGivg,Python PANDAS for Beginners | Data Analysis Made Easy  #coding #pythonlearning #pythonprogramming,37,biblioteca pandas,2026-08-19T16:42:57,https://www.youtube.com/watch?v=U_xMLEnGivg,"The image is a screenshot of a code editor in Python. The code editor is open and the user is in the process of creating a code. The background of the image is black, and the code editor has various options such as File, Edit, View, Tools, and Help.

On the left side of the screen, there is a window with the title ""Pandas in Python"" and a description of the code. On the right side, there are two lines of code, one in green and one in red, which appear to be the code snippet. The green line is likely the code code for the code","screenshot,code,editor,python,open,user,process,creating,black,various,options,such,file,edit,view"
0gk-MmECk9w,Using pandas with Python in Excel,60,biblioteca pandas,2026-08-19T16:42:57,https://www.youtube.com/watch?v=0gk-MmECk9w,"The image is a screenshot of a Microsoft Excel spreadsheet. The spreadsheet is open and the user is in the process of creating a formula bar. The formula bar is labeled ""Formula Bar"" and has a dropdown menu with options such as ""DataFrame"", ""Panda"", and ""Now you can perform various pandas operations such"". There is also a button labeled ""Now"" which can be clicked to start the activity. The user has long black hair and is wearing a green shirt.","screenshot,microsoft,excel,spreadsheet,open,user,process,creating,formula,bar,labeled,dropdown,menu,options,such"
dwmqpQ40LKI,Will Polars replace Pandas for Data Science?,53,biblioteca pandas,2026-08-19T16:42:57,https://www.youtube.com/watch?v=dwmqpQ40LKI,"The image is a screenshot of a computer screen with a black background. On the left side of the screen, there is a menu bar with various options such as ""Polaris"", ""Art Delay Minutes"", and ""Python"". On the right side, there are several options for the user to choose from.

In the center of the image, there appears to be a window with a list of pandas and their corresponding data points. The pandas are displayed in a table format with columns for the date, time, and location of the pandas, as well as their respective data points and their respective values. The","screenshot,computer,screen,black,left,side,menu,bar,various,options,such,polaris,art,delay,minutes"
T5tSumfZjMY,Top Python Library For Data Analytics | Python Pandas | Coding in Telugu,31,biblioteca pandas,2026-08-19T16:42:57,https://www.youtube.com/watch?v=T5tSumfZjMY,"The image is a screenshot of a software called ""Real-time Training: Top Python Library in Data Analytics"". The software appears to be a programming language, as indicated by the text on the screen. The background of the image is black, and the text is in white.

In the center of the screen, there is a yellow rectangle with the title ""Top Python Library"" written in black text. Below the title, there are two tabs - ""Real"" and ""Top"". The ""Top"" tab is open, and there are several lines of text below it, indicating that the software is being used to analyze data","screenshot,software,called,real,time,training,python,library,data,analytics,appears,programming,language,indicated,screen"
3Uxq3EqxOyg,Learn how to install Python Pandas in under 60 seconds!  #python #pandaslibrary #codingshort,59,biblioteca pandas,2026-08-19T16:42:57,https://www.youtube.com/watch?v=3Uxq3EqxOyg,"The image is a screenshot of a computer screen with the text ""pip install pandas"" in the center. The text is in red and is in a bold, sans-serif font. The background of the screen is black, and the text is centered on the screen. The word ""p"" is slightly larger than the rest of the text and is slightly slanted to the right. Below the text, there is a URL bar at the top that reads ""Microsoft Windows (Version 19.0.0,1945-4788)"". The URL bar is located at the bottom right corner of the image.","screenshot,computer,screen,pip,install,pandas,center,red,bold,sans,serif,font,black,centered,word"
bE0a0Q5SR4M,Polars vs Pandas,36,biblioteca pandas,2026-08-19T16:42:57,https://www.youtube.com/watch?v=bE0a0Q5SR4M,"The image is a screenshot of a code editor in Visual Studio. The code editor is open and the user is in the process of creating a new code. The background is black and the code editor has various options and settings. On the left side of the image, there is a menu bar with various options such as File, Edit, View, Tools, and Help. 

On the right side, there are several code snippets and text boxes. The first text box is labeled ""1m 37s"" and has a green arrow pointing to it, indicating that it is the first step in the code. Below the text","screenshot,code,editor,visual,studio,open,user,process,creating,new,black,various,options,settings,left"
-N_GFpv2xTE,How to Read a CSV file into a Pandas DataFrame | Pandas Tutorial for Beginners,34,biblioteca pandas,2026-08-19T16:42:57,https://www.youtube.com/watch?v=-N_GFpv2xTE,"The image is a screenshot of a webpage with a black background and blue text. The text reads ""Read CSV file in Pandas"". The text is in a bold, sans-serif font and is centered on the page. Below the text, there is a URL bar at the top that reads ""www.youtube.com/NewsOnCoding"". The URL bar is located at the bottom of the page and is surrounded by a white border. The webpage appears to be a tutorial or guide on how to read CSV files in pandas.","screenshot,webpage,black,blue,read,csv,file,pandas,bold,sans,serif,font,centered,page,below"
sDRuKmtW0Es,Análise de Dados | Exploratória versus Explanatória,44,Analise exploratóoria,2026-08-19T16:42:39,https://www.youtube.com/watch?v=sDRuKmtW0Es,"The image is a screenshot of a video call between two people. On the left side of the image, there is a close-up of a young woman's face. She has long dark hair and is wearing a black top. She is looking directly at the camera with a serious expression on her face. The background is blurred, but it appears to be a room with a white wall and a window. The woman's hand is visible in the foreground, pointing towards the camera.","screenshot,video,call,between,people,left,side,close,young,woman,face,long,dark,hair,wearing"
NmMjwAbbfPg,Como Transformar Seu Código em Executável #python #programação,26,programação python,2026-08-19T16:42:10,https://www.youtube.com/watch?v=NmMjwAbbfPg,"The image is a screenshot of a computer screen with a blue background. On the left side of the screen, there is a text field with the title ""Vamos abrir esse programminha"" which translates to ""Programminha in Windows operating system"". On the right side, there are several code snippets that appear to be related to the program. The code snippets are arranged in a grid-like pattern, with some overlapping each other. At the bottom of the image, there appears to be a menu bar with various options such as File, Edit, View, Tools, and Help.","screenshot,computer,screen,blue,left,side,field,title,vamos,abrir,esse,programminha,translates,windows,operating"
5BNwlu5ilcs,COMO INICIAR NA PROGRAMAÇÃO DO ZERO? #programação #programador #software #dicasincriveis,45,programação python,2026-08-19T16:42:10,https://www.youtube.com/watch?v=5BNwlu5ilcs,"The image is a collage of three photos. The first photo on the left shows a young man with short blonde hair, wearing a black shirt and headphones. He is smiling widely and appears to be laughing. The second photo in the middle shows the same young man, but with a more relaxed expression on his face. The third photo is a close-up of the man's face, with his mouth open and his eyes closed. The background is white, and there is a yellow text overlay that reads ""NAO!"" which translates to ""Nao!"" in English.","collage,three,photos,first,photo,left,young,man,short,blonde,hair,wearing,black,shirt,headphones"
MPlTvtMc6cE,"🐍O que é POO, Hora de Aprender Python - Aula completa no canal  #shotrs  #python #POO #programação",52,programação python,2026-08-19T16:42:10,https://www.youtube.com/watch?v=MPlTvtMc6cE,"The image is a screenshot of a code editor in a programming language. The code is written in a code snippet with multiple lines of code in different colors and fonts. The background of the code is black, and the text is in white.

The code appears to be a programming code for a code called ""carrot"". The code snippet is in the form of a text editor, with the text ""carro1 ="" at the bottom. The text is written as ""carrots"" and ""carroll ="". The text also mentions that the code has been used to create a new code in the programming language,","screenshot,code,editor,programming,language,written,snippet,multiple,lines,different,colors,fonts,black,white,appears"
a9P8RdLsobU,Aprenda a criar janelas com botões no Python usando Tkinter 🧠#python #gui #tkinter,17,programação python,2026-08-19T16:42:10,https://www.youtube.com/watch?v=a9P8RdLsobU,"The image shows a screenshot of a code editor in a programming language. The code editor is open and the user is in the process of creating a new code. The main window of the code is visible in the center of the image. The window has a white background with a black text box in the middle. The text box reads ""Ciá mundo"" which translates to ""C:\Program Files\Program Files"" in English. Below the text box, there are several options for the user to choose from, such as ""Run"", ""Main"", ""F:\Pychan"", ""Botão Clándo"",","screenshot,code,editor,programming,language,open,user,process,creating,new,main,window,visible,center,white"
fYGeZ_ur6FE,Python pra análise de dados em um minuto #pandas #dataanalytics #cienciadedados #programacao,59,programação python,2026-08-19T16:42:10,https://www.youtube.com/watch?v=fYGeZ_ur6FE,"The image is a screenshot of a computer screen with multiple tabs open. On the left side of the screen, there is a list of files and folders, and on the right side, there are two tabs - ""PS D:\Videos fontet"" and ""Booking ID"". The tabs are arranged in a grid-like pattern, with each tab containing a different file.

In the center of the image, there appears to be a photo of a young woman with curly hair, wearing a white shirt and looking directly at the camera. She is standing in front of a rack of clothes, and there are other files","screenshot,computer,screen,multiple,tabs,open,left,side,list,files,folders,right,videos,fontet,booking"
dBqy7UQGy0U,rede neural de 4 linhas #programação #python,59,programação python,2026-08-19T16:42:10,https://www.youtube.com/watch?v=dBqy7UQGy0U,"The image is a digital illustration of a red mask with a menacing expression. The mask is in the center of the image, with the text ""Pór a mão nas"" (meaning ""Por a mao nas"" in Portuguese) written above it. The background is dark, and the mask is the main focus of the illustration. The text is written in white and is in a bold, sans-serif font. The image appears to be a promotional poster for a video game or video game.","digital,illustration,red,mask,menacing,expression,center,pór,mão,nas,meaning,por,mao,portuguese,written"
n4iBQzjWxb0,Javascript É Uma Linguagem Engraçada 🤡 #shorts #javascript #programador #python #php,17,programação python,2026-08-19T16:42:10,https://www.youtube.com/watch?v=n4iBQzjWxb0,"The image is a screenshot of a video call between two people. The person on the left is a young man with dark hair and glasses. He is wearing a black and red Adidas jacket with the word ""null"" written on it. He has a surprised expression on his face and is looking directly at the camera. On the right side of the image, there is another person wearing a pair of black glasses. The background is a plain white wall.","screenshot,video,call,between,people,person,left,young,man,dark,hair,glasses,wearing,black,red"
tVEHsjKMVOI,Python é uma linguagem que vale a pena estudar ?#python #programacao,18,programação python,2026-08-19T16:42:10,https://www.youtube.com/watch?v=tVEHsjKMVOI,"The image is a screenshot of a video call with a man in the center. The man is wearing a black t-shirt and has a beard. He is looking directly at the camera with a serious expression on his face. On the top of the image, there is a text message in Spanish that reads ""Faca uma pergunta"" which translates to ""How to use a language in English"". Below the text message, there are two options - ""O Python 6 uma linguagem que vale a pena estudar?"" which translate to ""Python 6 ume linguageme que vala a","screenshot,video,call,man,center,wearing,black,shirt,beard,looking,directly,camera,serious,expression,face"
MRM54oWU5yc,Isto não é nem 1% do poder do Python,42,programação python,2026-08-19T16:42:10,https://www.youtube.com/watch?v=MRM54oWU5yc,"The image is a screenshot of a web application. The application appears to be a programming language, as indicated by the text on the screen. The main window of the application is open, and the user is in the process of creating a new file.

On the top right corner of the window, there is a menu bar with various options such as File, Edit, View, Tools, and Help. Below the menu bar, there are several tabs for different settings and options. On the left side of the screen, there has a search bar and a menu icon. On top of the search bar, the user can search","screenshot,web,application,appears,programming,language,indicated,screen,main,window,open,user,process,creating,new"
cR39Vc1ksgs,PYTHON vs JAVASCRIPT:  Qual a MELHOR pra começar?,58,programação python,2026-08-19T16:42:10,https://www.youtube.com/watch?v=cR39Vc1ksgs,"The image is a screenshot of a video call with a man in the center. He is holding a microphone with the words ""SE EU QUERO"" written on it. The man has dark hair and a beard and is wearing a green t-shirt. He appears to be in a room with shelves in the background. On the shelves, there are various items such as a clock, a figurine of a dragon, and a book. The image is taken from a side angle, looking directly at the camera.","screenshot,video,call,man,center,holding,microphone,words,quero,written,dark,hair,beard,wearing,green"
PHEJgTZYgzI,Como Trocar Variáveis em Python (1 LINHA APENAS!),17,programação python,2026-08-19T16:42:10,https://www.youtube.com/watch?v=PHEJgTZYgzI,"The image shows a screenshot of a computer screen with a green background. On the left side of the screen, there is a black keyboard with white numbers and letters. Next to the keyboard, there are two options - ""projeto-main.py"" and ""Trocar verdivers"". On the right side, there appears to be a dialog box with a code written in white text. In the center of the image, a young man wearing headphones is standing in front of the keyboard. He is looking directly at the camera with a serious expression on his face.","screenshot,computer,screen,green,left,side,black,keyboard,white,numbers,letters,next,options,projeto,main"
EqQhg6UxzmE,💀 O JOGO MAIS PERIGOSO DO MUNDO! #Python #Programação #MemesDeDev #desenvolvedorfullstack,6,programação python,2026-08-19T16:42:10,https://www.youtube.com/watch?v=EqQhg6UxzmE,"The image is a screenshot of a video posted on a website. The video is titled ""Vamos jogar"" and it appears to be a screenshot from a video. The background of the video is black and there are several tabs open on the top left corner of the screen. On the top right corner, there is a text field with the text ""VAMOS JOGAR"" written in white. Below the text field, there are two images - one of a person sitting at a desk with a computer monitor and keyboard. The person is wearing a black shirt and has a serious expression on their face. The image","screenshot,video,posted,website,titled,vamos,jogar,appears,black,several,tabs,open,left,corner,screen"
MOqbnNDEZis,Devo começar aprendendo Python ou Javascript? | #shorts,52,programação python,2026-08-19T16:42:10,https://www.youtube.com/watch?v=MOqbnNDEZis,"The image is a screenshot of a video call between two people. The person on the left is a young man with short blonde hair and a beard, wearing a white t-shirt. He is smiling widely and appears to be laughing. On the right side of the image, there is a text message that reads ""Devo comocar com Python ou jes?"" which translates to ""Devote comocars com Python on Jes?"" in English. The text message is in Spanish and is accompanied by a brief description of the conversation. The background is blurred, but it seems like the person is in a room with","screenshot,video,call,between,people,person,left,young,man,short,blonde,hair,beard,wearing,white"
VBLo1wBznpg,Quais São os Principais Sintomas da Depressão?,59,depressão,2026-08-19T16:41:39,https://www.youtube.com/watch?v=VBLo1wBznpg,"The image is a screenshot from a video call. It shows a man in a black shirt sitting in a chair and speaking into a microphone. He appears to be in a room with a desk and a computer monitor in the background. The text on the image reads ""a depr3são ela tem como dois grandes pilares"" which translates to ""a day of the dead"" in English. The man is gesturing with his hands as if he is explaining something.","screenshot,video,call,man,black,shirt,sitting,chair,speaking,microphone,appears,room,desk,computer,monitor"
BSQSe8TbxV0,DEPRESSÃO: Por que Tenho Tanta Vontade de Dormir?,59,depressão,2026-08-19T16:41:39,https://www.youtube.com/watch?v=BSQSe8TbxV0,"The image is a screenshot of a conversation between two people. On the left side of the image, there is a close-up of a man's face. He appears to be in his late 40s or early 50s, with dark hair and a serious expression. He is wearing a white lab coat and a black and white checkered shirt. The text on the image reads ""So tenho vontade de dormir quando acordo sinte tristeta mais um dia tenho que continuar"" which translates to ""What is the difference between the two people in the conversation?"" in","screenshot,conversation,between,people,left,side,close,man,face,appears,late,early,dark,hair,serious"
BhxgO4AW-dY,Depressão crônica é mais grave? Mais difícil de tratar? | Psiquiatra Fernando Fernandes,60,depressão,2026-08-19T16:41:39,https://www.youtube.com/watch?v=BhxgO4AW-dY,"The image is a graphic design with a blue background and white text. On the right side of the image, there is a man with dark hair and a beard, wearing a light blue shirt. He is looking off to the side with a thoughtful expression on his face. In the center of the graphic, there are two illustrations of a person with a lightning bolt on their head. The text on the image reads ""#SHORTS"" and ""Problemas da Depressão Cronica"" which translates to ""How to do problems with depression"" in English.","graphic,design,blue,white,right,side,man,dark,hair,beard,wearing,light,shirt,looking,off"
o4sUlLcIVPE,Crianças e adolescentes podem ter DEPRESSÃO? Veja como evitar! #shorts #depressão #saudemental,60,depressão,2026-08-19T16:41:39,https://www.youtube.com/watch?v=o4sUlLcIVPE,The image is a collage of three photos of a woman standing in a room. The woman is wearing a black sleeveless dress with a green and purple sequin design on the front. She has curly blonde hair and is looking directly at the camera with a surprised expression on her face. The background of the photos shows a shelf with various items on it.,"collage,three,photos,woman,standing,room,wearing,black,sleeveless,dress,green,purple,sequin,design,curly"
VmyLpuvjI6o,Diferença entre Depressão e Depressão Bipolar,56,depressão,2026-08-19T16:41:39,https://www.youtube.com/watch?v=VmyLpuvjI6o,"The image is a screenshot from a video call. It shows a man sitting at a desk in an office. He is wearing a blue shirt and has short dark hair. He has a big smile on his face and is holding a phone in his hand. The text on the image reads ""¿õ un vezes"" which translates to ""I'm a depression, you are a person who is a person with a headache."" The text in Spanish is also visible.","screenshot,video,call,man,sitting,desk,office,wearing,blue,shirt,short,dark,hair,big,smile"
AGxRCBMhZjc,Suplementos na depressão - Psiquiatra Fernando Fernandes,60,depressão,2026-08-19T16:41:39,https://www.youtube.com/watch?v=AGxRCBMhZjc,"The image shows a man with dark hair and a beard, wearing a light blue shirt, standing in front of a white background. He is gesturing with his hands as if he is explaining something. On the left side of the image, there are several colorful pills and capsules arranged in a pyramid-like shape. The pills are of different sizes and colors, including blue, green, orange, yellow, and red. Above the pills, there is a green banner with the text ""#SHORTS"" in white letters. The text on the banner reads ""Supplementos na Depressão"" which translates to ""Supplement to the depression","man,dark,hair,beard,wearing,light,blue,shirt,standing,white,gesturing,hands,explaining,something,left"
kxkU_VKkn70,ÁLCOOL e DEPRESSÃO: Existe alguma relação? #shorts #alcool #depressão #saudemental,47,depressão,2026-08-19T16:41:39,https://www.youtube.com/watch?v=kxkU_VKkn70,"The image is a collage of three different scenes. The first scene on the top left shows a man sitting at a table with a glass of whiskey in front of him. He is wearing a white shirt and appears to be deep in thought. The second scene in the middle shows a woman sitting at the table with her hands clasped together and a serious expression on her face. The third scene on top right shows a bottle of alcohol and a glass with a drink in it. The text on the image reads ""La está atterando toda a quimica cerebral e"" which translates to ""The best atter","collage,three,different,scenes,first,scene,left,man,sitting,table,glass,whiskey,wearing,white,shirt"
UfvGRFqJn7I,Remédios Para Ansiedade E Depressão,59,depressão,2026-08-19T16:41:39,https://www.youtube.com/watch?v=UfvGRFqJn7I,"The image is a screenshot from a video call. It shows a man sitting in an office chair with a computer monitor in the background. He is wearing a blue collared shirt and has short dark hair. The man is making a heart shape with his hands and is smiling at the camera. The text on the image reads ""O escitalopram"" which translates to ""Oscitaloprogram"" in English.","screenshot,video,call,man,sitting,office,chair,computer,monitor,wearing,blue,collared,shirt,short,dark"
udQctUuWlYY,Tratar a DEPRESSÃO com CETAMINA Funciona? I Dr. Marco Abud,50,depressão,2026-08-19T16:41:39,https://www.youtube.com/watch?v=udQctUuWlYY,"The image is a screenshot of a video call between two people. The person on the left is a man with short dark hair and a beard, wearing a blue and white striped shirt. He appears to be in his late 40s or early 50s. He has a serious expression on his face and is looking directly at the camera. On the right side of the image, there is a text message in Spanish that reads ""Dr. pode dizer algo sobre tratar a depressado com Cetamina? Tem algo comprovado?"" which translates to ""How to improve your hair"" in","screenshot,video,call,between,people,person,left,man,short,dark,hair,beard,wearing,blue,white"
HUTzhmxiv_w,Esse é Um Dos Melhores SUPLEMENTOS Para DEPRESSÃO,59,depressão,2026-08-19T16:41:39,https://www.youtube.com/watch?v=HUTzhmxiv_w,"The image is a screenshot from a video call. It shows a man in a white lab coat holding a pen and pointing at something with a surprised expression on his face. He appears to be in a medical office or clinic setting. The background is blurred, but it seems like he is in a room with a whiteboard and a window. On the right side of the image, there is a close-up of the man's face. The text on the image reads ""elá e"" which translates to ""I love you"" in English.","screenshot,video,call,man,white,lab,coat,holding,pen,pointing,something,surprised,expression,face,appears"
6awKlpUtkZ8,PREGUIÇA ou DEPRESSÃO? Como Diferenciar? I Dr. Marco Abud,58,depressão,2026-08-19T16:41:39,https://www.youtube.com/watch?v=6awKlpUtkZ8,"The image is a screenshot of a conversation between a man in a white lab coat. The man appears to be in his late 30s or early 40s, with short dark hair and a serious expression on his face. He is standing in a room with a desk and a computer in the background. The text on the image reads ""Penso a não e doença que pode ser prequícia mesmo kkkkkkkk"" which translates to ""How to talk to the doctor"" in English. There is also a message in Spanish that reads ""Tem um tempo para"" which is Portuguese","screenshot,conversation,between,man,white,lab,coat,appears,late,early,short,dark,hair,serious,expression"
4NXDPJONoG8,Seu Cérebro SOFRE Quando Você Faz Isso na Cama #Depressão #Saúde,53,depressão,2026-08-19T16:41:39,https://www.youtube.com/watch?v=4NXDPJONoG8,"The image shows a man in a white lab coat standing in front of a banner that reads ""Depressão do São Unáñimes"". He appears to be in a room with a desk and a chair in the background. The man is looking directly at the camera with a serious expression on his face. He is wearing a watch on his left wrist and has his hands clasped together in a prayer-like gesture. The banner behind him has the logo of the company and the words ""São unáñímes"" which translates to ""The company's name in Portuguese.","man,white,lab,coat,standing,banner,depressão,são,unáñimes,appears,room,desk,chair,looking,directly"
ynYFi6F_bMQ,DEPRESSÃO NOS IDOSOS,58,depressão,2026-08-19T16:41:39,https://www.youtube.com/watch?v=ynYFi6F_bMQ,"The image is a screenshot of a video call with a woman in the center. She is wearing a white lab coat and has long dark hair. The woman is looking directly at the camera with a serious expression on her face. The text on the image reads ""Depressão em idosos é diferente"" which translates to ""Depression of the disease"" in English. The background appears to be a medical office or clinic.","screenshot,video,call,woman,center,wearing,white,lab,coat,long,dark,hair,looking,directly,camera"
07nUdBphFVM,Você já percebeu que muitos autoimunes tem ansiedade e depressão?,46,depressão,2026-08-19T16:41:39,https://www.youtube.com/watch?v=07nUdBphFVM,"The image is a screenshot of a video call between two men. The man on the left is wearing a white lab coat with the word ""MAIS"" written on it in blue letters. He has a beard and is looking directly at the camera with a serious expression on his face. On the right side of the image, there is a hand holding a piece of paper with the same word written on the paper. The background appears to be a room with a wooden ceiling and a white wall.","screenshot,video,call,between,men,man,left,wearing,white,lab,coat,word,mais,written,blue"
aVR7GonhroM,Testosterona tem a ver com depressão? | Dr. Marco Túlio Cavalcanti,57,depressão,2026-08-19T16:41:39,https://www.youtube.com/watch?v=aVR7GonhroM,"The image is a screenshot of a video call between two men. On the left side of the image, there is a close-up of a man's face. He appears to be in his late 40s or early 50s, with short dark hair and a beard. He is wearing a white lab coat and has a serious expression on his face. The text on the image reads ""mas podem ser doenças"" which translates to ""mas poderm ser doencas"" in English. The background shows a bookshelf with books and a vase on it.","screenshot,video,call,between,men,left,side,close,man,face,appears,late,early,short,dark"
NBn86uexldA,Como É Feito O Diagnóstico Da Depressão,59,depressão,2026-08-19T16:41:39,https://www.youtube.com/watch?v=NBn86uexldA,"The image is a screenshot from a video call. It shows a man sitting at a desk with a computer monitor in the background. He is wearing a blue collared shirt and has short dark hair. The man is gesturing with his hands as if he is explaining something. The text on the image reads ""Um ou outro precisa ser necessario"" which translates to ""How to use a laser"" in English.","screenshot,video,call,man,sitting,desk,computer,monitor,wearing,blue,collared,shirt,short,dark,hair"
PbTvz2pYdsE,7 Sinais da depressão #shorts,42,depressão,2026-08-19T16:41:39,https://www.youtube.com/watch?v=PbTvz2pYdsE,"The image is a digital illustration of a small, sad-looking figure sitting on a yellow lined paper background. The figure appears to be in a state of distress, with its head bowed and its hands clasped together in front of its face. The body is covered in a grayish-blue color, and its eyes are closed. The background is a light beige color, with a subtle texture. On the top right corner of the image, there is a small logo of a person with their arms crossed, and the words ""Jessica Martani"" written in a cursive font.","digital,illustration,small,sad,looking,figure,sitting,yellow,lined,paper,appears,state,distress,head,bowed"
Ac1HsNo5aKY,"Sinais de Depressão Mista: Irritabilidade, Distração e Agitação - PARTE 1",55,depressão,2026-08-19T16:41:39,https://www.youtube.com/watch?v=Ac1HsNo5aKY,"The image is a screenshot from a video call. It shows a man with a beard and mustache, wearing a green plaid shirt and a black blazer. He is sitting in a room with a brick wall and a window in the background. The man is smiling and making a peace sign with his hand. There is a watermark on the image that reads ""agitacao motora"".","screenshot,video,call,man,beard,mustache,wearing,green,plaid,shirt,black,blazer,sitting,room,brick"
nIQrA2jgVZA,SINAL DA DEPRESSÃO QUE PASSA DESPERCEBIDO l #shorts,59,depressão,2026-08-19T16:41:39,https://www.youtube.com/watch?v=nIQrA2jgVZA,"The image is a screenshot of a video call between two men. The man on the left is wearing a white shirt and glasses and is speaking into a microphone. He appears to be in the middle of a conversation. On the right side of the image, there is a text message in Spanish that reads ""No contato com os outros, nas conversas."" The text message is in black and white and is centered on the screen. The background is blurred, but it seems like the focus is on the conversation between the two men in the foreground.","screenshot,video,call,between,men,man,left,wearing,white,shirt,glasses,speaking,microphone,appears,conversation"
g342-QwAHD4,Quais são os sintomas da depressão? #Einstein #Depressão,59,depressão,2026-08-19T16:41:39,https://www.youtube.com/watch?v=g342-QwAHD4,"The image shows a man sitting on a stage with his eyes closed and a smile on his face. He is wearing a blue striped shirt and appears to be in a relaxed and comfortable position. The background is dark and there is a blue curtain behind him. On the right side of the image, there is another person's hand, possibly a person's arm, pointing towards the man. The text on the image reads ""Também pode acontecer a sonolência excessiva"" which translates to ""The man with the eyes closed"" in English.","man,sitting,stage,eyes,closed,smile,face,wearing,blue,striped,shirt,appears,relaxed,comfortable,position"
kdNgtbekei0,COMO SABER SE É TRISTEZA OU DEPRESSÃO? PREOCUPAÇÃO OU ANSIEDADE? #ansiedade  #tristeza #depressao,60,depressão,2026-08-19T16:41:39,https://www.youtube.com/watch?v=kdNgtbekei0,"The image is a screenshot from a video interview. It shows a man sitting at a desk in front of a microphone. He is wearing a beige suit and glasses and appears to be speaking into the microphone. The background is a red curtain and there is a laptop on the desk next to him. The text on the image reads ""@PODPeople"" and ""Youtube/PODPEOPLE"" with the number ""Episode #130"".","screenshot,video,interview,man,sitting,desk,microphone,wearing,beige,suit,glasses,appears,speaking,red,curtain"
4N7HSxsoi6I,REPOSIÇÃO HORMONAL Vs DEPRESSÃO,16,depressão,2026-08-19T16:41:39,https://www.youtube.com/watch?v=4N7HSxsoi6I,"The image is a screenshot of a video call with a man in the center. The man is wearing a white shirt and glasses and is looking directly at the camera. He has a serious expression on his face and is standing in front of a bookshelf. On the top right corner of the image, there is a text that reads ""Perquintas"" which translates to ""Reposicio hormonal pode ajudar na Depressão?"" in English. Below the text, there are two buttons - ""Instagram"" and ""Dr. Rodrigo Olmedo"".","screenshot,video,call,man,center,wearing,white,shirt,glasses,looking,directly,camera,serious,expression,face"
AcjKWQ2p9jc,Depressão em adolescentes e crianças: 3 CAUSAS   #depressão #depressao #saudemental #diadascrianças,15,depressão,2026-08-19T16:41:39,https://www.youtube.com/watch?v=AcjKWQ2p9jc,The image is a screenshot from a video call. It shows a man in a gray suit and glasses sitting in front of a bookshelf with various musical instruments on it. The man is smiling and waving to the camera with his right hand. He appears to be in a recording studio or recording studio. The background is dark and there is a statue of a woman on the right side of the image.,"screenshot,video,call,man,gray,suit,glasses,sitting,bookshelf,various,musical,instruments,smiling,waving,camera"
k3pCPXt6PHg,7 sinais de depressão - Dra Simone Matos Rosolem - médica psiquiatra,51,depressão,2026-08-19T16:41:39,https://www.youtube.com/watch?v=k3pCPXt6PHg,"The image is a digital illustration of a purple figure with a sad expression on its face. The figure appears to be standing in front of a gray background. Above the figure, there is a text in Spanish that reads ""5. Sem esperança e vázio"" which translates to ""5, Sem esperença e Vázío"" in English. The text is written in a playful font and is in a sans-serif font. The overall tone of the image is somber and melancholic.","digital,illustration,purple,figure,sad,expression,face,appears,standing,gray,above,spanish,sem,esperança,vázio"
wt9yTJHnwNo,Depressão não é falta de fé! #shorts  #depressao #psicologia #diagnostico #prapensar #ansiedade,47,depressão,2026-08-19T16:41:39,https://www.youtube.com/watch?v=wt9yTJHnwNo,"The image is a split screen of a man with a bald head and a beard. He is wearing a black sweater and is standing in front of a blue background. The man is looking directly at the camera with a serious expression on his face. On the screen, there is a text in Portuguese that reads ""Depressão e uma doença."" The text is written in white and is in a playful font. The image appears to be a meme or a meme about depression.","split,screen,man,bald,head,beard,wearing,black,sweater,standing,blue,looking,directly,camera,serious"
vFGdbaWjKaE,VITAMINA B (Metilfolato) funciona para DEPRESSÃO? #depressao #antidepressivo,30,depressão,2026-08-19T16:41:39,https://www.youtube.com/watch?v=vFGdbaWjKaE,The image is a screenshot from a video interview. It shows a man sitting in a chair in an office. He is wearing a light blue suit and a white shirt with a blue tie. He has a microphone attached to his lapel and is wearing glasses. The man appears to be in his late 40s or early 50s and has short dark hair. He looks serious and is looking off to the side. The background shows a bookshelf and a window with curtains.,"screenshot,video,interview,man,sitting,chair,office,wearing,light,blue,suit,white,shirt,tie,microphone"
afNWMGGdD_Q,É isto que eu digo!#depressao #ansiedade #terapia #psicologia #psiquiatria,12,depressão,2026-08-19T16:41:39,https://www.youtube.com/watch?v=afNWMGGdD_Q,"The image is a collage of two photos. The first photo on the left shows a young man sleeping on a bed with his head resting on a white pillow. He is wearing a yellow blanket and has dark hair. The second photo in the middle shows a pair of glasses resting on the bed. The text on the image reads ""Cómo as pessos imagenam a depressado"" which translates to ""How to sleep in a depression"" in English. The background of both photos is a beige-colored wall.","collage,photos,first,photo,left,young,man,sleeping,bed,head,resting,white,pillow,wearing,yellow"
Qju7v2o7SXg,Como parar de ter medo da vida e começar a viver? #Shorts | Augusto Cury,54,motivos para viver,2026-08-19T16:41:18,https://www.youtube.com/watch?v=Qju7v2o7SXg,"The image is a screenshot from a video interview. It shows a middle-aged man sitting on a couch and smiling at the camera. He is wearing a light blue collared shirt and glasses. He appears to be in his late 60s or early 70s and has short dark hair. The background is blurred, but it seems to be an indoor setting with a window and a plant visible. The man is sitting in front of a TV screen, and there is another person's hand visible on the right side of the image.","screenshot,video,interview,aged,man,sitting,couch,smiling,camera,wearing,light,blue,collared,shirt,glasses"
HCEhrLDSSw4,SEM VONTADE DE VIVER? #anedonia #psicologia,49,motivos para viver,2026-08-19T16:41:18,https://www.youtube.com/watch?v=HCEhrLDSSw4,"The image is a collage of two photos. On the left side, there is a photo of a woman sitting in front of a microphone. She is wearing a white blouse and a gray vest. She has shoulder-length dark hair and is smiling at the camera. The background is blurred, but it appears to be an outdoor setting with a metal wall and a green railing. The woman on the right side of the image is also smiling and looking towards the camera, and there is text on the microphone that reads ""a gracia?""","collage,photos,left,side,photo,woman,sitting,microphone,wearing,white,blouse,gray,vest,shoulder,length"
vBOTECOdV_Y,Motivos pro Japão ESTAR vivendo em 2050,53,motivos para viver,2026-08-19T16:41:18,https://www.youtube.com/watch?v=vBOTECOdV_Y,"The image is a collage of three photos. The first photo on the left shows a young man wearing a red and white jacket with the word ""FUTURO"" written on it. He is holding up a pair of pink goggles with a red arrow pointing to the right. The second photo in the middle shows the same young man, but he is wearing a white shirt with a Japanese flag on it, and he is smiling at the camera. The third photo is a close-up of the man's face, and the background is blurred. The text ""Futuro"" is written in red on the bottom right","collage,three,photos,first,photo,left,young,man,wearing,red,white,jacket,word,futuro,written"
8M4QG_-1vhk,Por Que NÃO Tenho Vontade de VIVER? I Dr. Marco Abud,59,motivos para viver,2026-08-19T16:41:18,https://www.youtube.com/watch?v=8M4QG_-1vhk,"The image is a screenshot of a video call between a man and a woman. The man is wearing a white lab coat and a checkered shirt. He appears to be in his late 40s or early 50s. The woman is looking at the man with a concerned expression on her face. The text on the image reads ""Porque me falta vontade de viver"" which translates to ""For the love of the man, you are the best"". The background of the image shows a room with a desk and a computer monitor.","screenshot,video,call,between,man,woman,wearing,white,lab,coat,checkered,shirt,appears,late,early"
tvdQJ7r0OEk,Como descobrir meu propósito de vida?  #Shorts | Augusto Cury,47,motivos para viver,2026-08-19T16:41:18,https://www.youtube.com/watch?v=tvdQJ7r0OEk,"The image is a collage of two photos of a man sitting on a chair. The man is wearing a light blue collared shirt and dark trousers. He has short dark hair and is wearing glasses. He is looking down at his hands and appears to be deep in thought. The background is blurred, but it seems to be an outdoor setting with trees and a bench visible. The image is taken from a low angle, with the man's hands resting on his knees.","collage,photos,man,sitting,chair,wearing,light,blue,collared,shirt,dark,trousers,short,hair,glasses"
7bYSwZlccRg,Motivos para viver - Alberto Almeida #shorts,48,motivos para viver,2026-08-19T16:41:18,https://www.youtube.com/watch?v=7bYSwZlccRg,"The image is a screenshot of a video call with a man speaking into a microphone. The man is Alberto Almeida, a Spanish politician and author. He is wearing a blue striped shirt and is standing in front of a whiteboard with the logo of the company ""Motivos para viver"" on it. The text on the screen reads ""Alberto Almeidea @canalfep"" which translates to ""Motivation for a viver"". The background of the screen is black and there is a yellow banner at the bottom with the company's name and contact information.","screenshot,video,call,man,speaking,microphone,alberto,almeida,spanish,politician,author,wearing,blue,striped,shirt"
RQ0MMdSkeNs,DEPRESSÃO: NÃO TINHA VONTADE DE FAZER NADA | Lu Ferreira #shorts,21,motivos para viver,2026-08-19T16:41:18,https://www.youtube.com/watch?v=RQ0MMdSkeNs,"The image is a close-up of a woman's face. She has long dark hair and is wearing a gold necklace. She is smiling and looking directly at the camera. The background is blurred, but it appears to be a TV screen with a purple and white color scheme. The text on the image reads ""ai e nada, nada!"" which translates to ""I love you, I love you"" in English.","close,woman,face,long,dark,hair,wearing,gold,necklace,smiling,looking,directly,camera,blurred,appears"
fXkKRjAoX2w,Você já teve pneumonia alguma vez na vida? Responda aqui nos comentários.,20,motivos para viver,2026-08-19T16:41:18,https://www.youtube.com/watch?v=fXkKRjAoX2w,"The image is a screenshot of a news article from a website called ""Esta Monia"". The article is about the death of a man who was killed in a car accident in Pneumonia, Brazil. The article mentions that the man was killed by a police officer and that he was killed at the accident. The man is standing in front of a building with a sign that reads ""Esse são os sintomas de quem está com pneumonia"" which translates to ""The death of the police officer in the death"". He is wearing a suit and tie and appears to be speaking into a microphone. The background","screenshot,news,article,website,called,esta,monia,about,death,man,who,killed,car,accident,pneumonia"
d2B5tRfPxhQ,5 MOTIVOS PARA VOCÊ MORAR NO JAPÃO! #shorts,59,motivos para viver,2026-08-19T16:41:18,https://www.youtube.com/watch?v=d2B5tRfPxhQ,"The image is a collage of three photos. The first photo on the left shows a young man with dark hair and glasses, wearing a blue t-shirt with the word ""JAPÃO"" written on it. He is standing in front of a red pagoda with a blue sky in the background. The second photo in the middle shows a group of people walking on a street with trees and buildings in the distance. The third photo is a close-up of the man's face and hands, with his fingers pointing towards the camera. The text on the image reads ""5 Motivos para Vir Pro"" which","collage,three,photos,first,photo,left,young,man,dark,hair,glasses,wearing,blue,shirt,word"
NinDDlRgKgU,"E se o juiz te perguntar isso, você sabe responder? - Toque nos 3 pontos e em descrição #shorts",9,motivos para viver,2026-08-19T16:41:18,https://www.youtube.com/watch?v=NinDDlRgKgU,"The image is a screenshot from a video interview. It shows a man in a suit and tie sitting in front of a computer monitor. He appears to be in a room with a bookshelf in the background. The man is gesturing with his hands as if he is explaining something. The text on the image reads ""E se o juiz te perguntar isso na audiencia? Você sabe responder?"" which translates to ""How to respond to a speech in Spanish?"" in English.","screenshot,video,interview,man,suit,tie,sitting,computer,monitor,appears,room,bookshelf,gesturing,hands,explaining"
3wljXP6iL84,3 MOTIVOS PARA ESTUDAR ECONOMIA #shorts,30,motivos para viver,2026-08-19T16:41:18,https://www.youtube.com/watch?v=3wljXP6iL84,"The image shows a young man holding up a book titled ""Economia"" in his hands. He is wearing a black shirt and a pink headband with a white ribbon tied around it. The book cover features an illustration of a cityscape with buildings and a smartphone. The man is looking directly at the camera with a serious expression on his face. The background is a plain white wall with the word ""EVERYTHING"" written in black.","young,man,holding,book,titled,economia,hands,wearing,black,shirt,pink,headband,white,ribbon,tied"
LE2CfbEtZpk,Versículos Bíblicos para Reflexão,5,frases de reflexão,2026-08-19T16:40:39,https://www.youtube.com/watch?v=LE2CfbEtZpk,"The image is a digital illustration of a sunset over a body of water. The sky is a beautiful orange and pink color, with the sun setting in the background. The water is calm and reflects the colors of the sky. In the center of the image, there is a text in Portuguese that reads ""Lucas 5:31,32"" which translates to ""Jesus responder - 31 Jesus responder"" in English. Surrounding the text are smaller text in Spanish that translate to ""31 Jesus respondeur - Os que tem saúde não precisam de médico, mas sim os doent","digital,illustration,sunset,body,water,sky,beautiful,orange,pink,color,sun,setting,calm,reflects,colors"
X9-xYtOOK4I,"FRASE DE REFLEXÃO, MOTIVAÇÃO E  SUPERAÇÃO #frasesdobem #mensagem #boasfrases #fé #status #frases",9,frases de reflexão,2026-08-19T16:40:39,https://www.youtube.com/watch?v=X9-xYtOOK4I,"The image is a digital illustration of a landscape with a quote in Portuguese that reads ""Reflexão"" (Reflexo) in English. The background is a gradient of orange and yellow, with a blue sky and clouds. The quote is written in a cursive font and is surrounded by a white border. The overall mood of the image is peaceful and serene.","digital,illustration,landscape,quote,portuguese,reflexão,reflexo,english,gradient,orange,yellow,blue,sky,clouds,written"
-FKe44vdqzo,"Reflexão... ""Vencer Na Vida "" #mensagensparastatus #reflexão🙏",8,frases de reflexão,2026-08-19T16:40:39,https://www.youtube.com/watch?v=-FKe44vdqzo,"The image is a photograph of a beautiful sunset over the ocean. The sky is a mix of orange and pink hues, with the sun setting in the distance. The ocean is calm and the waves are gently lapping against the shore. In the foreground, there is a wooden pier extending into the water. The pier is silhouetted against the sky, creating a peaceful and serene atmosphere. The image is taken from a low angle, looking out towards the horizon. The text on the image reads ""Vencer na vida: Uma dia accreditati que vida, uma vida ter ter ter","photograph,beautiful,sunset,ocean,sky,mix,orange,pink,hues,sun,setting,distance,calm,waves,gently"
zMgGySNh274,A decepção ensina a viver #reflexão #decepção #viver,7,frases de reflexão,2026-08-19T16:40:39,https://www.youtube.com/watch?v=zMgGySNh274,"The image is a digital illustration of a long wooden bridge with a red heart in the center. The bridge is in the middle of the image and the background is a gradient of green and brown tones. The sky is a light blue and the water is a deep blue-green color. The image has a textured background with a subtle gradient effect. The text on the image reads ""Hoje eu sei como a gente se engana com as pessoas... Mas eu não me preocupo não porque apesar de ferir, decepção n","digital,illustration,long,wooden,bridge,red,heart,center,gradient,green,brown,tones,sky,light,blue"
5FVILCDNJKk,A Frase mais linda que você vai ouvir hoje! #reflexão #frases #felicidade,20,frases de reflexão,2026-08-19T16:40:39,https://www.youtube.com/watch?v=5FVILCDNJKk,"The image is a black and white still from a video. It shows a young woman with long hair and bangs, smiling and holding a microphone. She appears to be in a studio or interview setting, as there is a blurred background behind her. The text on the image reads ""a felicitade não"" which translates to ""a feel to the face"" in English. There is also a logo for Motivocao, a Brazilian social media platform, in the bottom right corner.","black,white,still,video,young,woman,long,hair,bangs,smiling,holding,microphone,appears,studio,interview"
n9ed5g6k9aU,"FRASE DE REFLEXÃO, MOTIVAÇÃO E  SUPERAÇÃO #frasesdobem #mensagem #boasfrases #fé #status #frases",7,frases de reflexão,2026-08-19T16:40:39,https://www.youtube.com/watch?v=n9ed5g6k9aU,"The image is a digital art piece with a dark purple background and white text. The text is written in a cursive font and is surrounded by a purple flower-like design. The flower is in the center of the image and is in full bloom with its petals spread out in a starry night sky. The background is filled with small white dots, giving the image a dreamy and ethereal feel. The overall color scheme is predominantly purple and white, with some hints of pink and purple. The image has a dreamlike quality to it, with the text taking up most of the space.","digital,art,piece,dark,purple,white,written,cursive,font,surrounded,flower,like,design,center,full"
ulqsxi9E2ac,"FRASE DE REFLEXÃO, MOTIVAÇÃO E  SUPERAÇÃO #frasesdobem #mensagem #boasfrases #status #frases #amor",7,frases de reflexão,2026-08-19T16:40:39,https://www.youtube.com/watch?v=ulqsxi9E2ac,"The image is a screenshot of the dashboard of a car, specifically the instrument cluster. The dashboard is black and appears to be in motion, with the speedometer and other gauges visible. The background shows a highway with a blue sky and a street lamp on the right side. In the center of the image, there is a text in Portuguese that reads ""A vida não nos da ninguêm... Apernas nos empresa pessoas para nos ensiarem alguma coisa, Seja através da Dor ou do Amor. Somos todos alun","screenshot,dashboard,car,specifically,instrument,cluster,black,appears,motion,speedometer,gauges,visible,highway,blue,sky"
9Y7R9fkRVks,pensamento de hoje para refletir #frases #frasemotivacao #reflexão,9,frases de reflexão,2026-08-19T16:40:39,https://www.youtube.com/watch?v=9Y7R9fkRVks,"The image is a black and white portrait of a man with a serious expression on his face. He is wearing a baseball cap and a plaid shirt. The background is blurred, but it appears to be an outdoor setting with trees and a cloudy sky. The man is looking directly at the camera with a slight smile on his lips. On the left side of the image, there is a text in Portuguese that translates to ""I love you to the moon and back"" in English. The text is written in a cursive font and is surrounded by a white border.","black,white,portrait,man,serious,expression,face,wearing,baseball,cap,plaid,shirt,blurred,appears,outdoor"
LCeG4zDT0iw,pensamento para refletir.... #frases #reflexão #viral #inspirador #frasesmotivadoras,8,frases de reflexão,2026-08-19T16:40:39,https://www.youtube.com/watch?v=LCeG4zDT0iw,"The image is a screenshot of a Portuguese text-based video. It shows a man with a bald head and a serious expression on his face. He is wearing a black shirt and appears to be standing in front of a black background. The text on the image reads ""Tem u cabe dizen e rec lugar conl"" which translates to ""The man is the man who is the most powerful man in the world"". The text is written in Portuguese and is in English.","screenshot,portuguese,based,video,man,bald,head,serious,expression,face,wearing,black,shirt,appears,standing"
GozOpC6Ne9E,"FRASE DE REFLEXÃO, MOTIVAÇÃO E  SUPERAÇÃO #frasesdobem #mensagem #boasfrases #fé #status #frases",8,frases de reflexão,2026-08-19T16:40:39,https://www.youtube.com/watch?v=GozOpC6Ne9E,"The image is a digital art piece with a dark and eerie background. The focal point of the image is the text ""A maior virtue de quem foi ferido e olahar pra sua cicatriz e dizier, eso me ensina a não ferir"" which translates to ""A major virtue of the moon"" in English. The text is written in a cursive font and is surrounded by a dark, eerie forest scene with trees and a full moon in the background. There is also a small illustration of a bird perched on one of the trees. The overall mood of the","digital,art,piece,dark,eerie,focal,point,maior,virtue,quem,foi,ferido,olahar,pra,sua"
GcZXXeI6q9c,"FRASE DE REFLEXÃO, MOTIVAÇÃO E  SUPERAÇÃO #frasesdobem #mensagem #boasfrases #fé #status #frases",8,frases de reflexão,2026-08-19T16:40:39,https://www.youtube.com/watch?v=GcZXXeI6q9c,"The image is a screenshot of a video game interface. It shows a person sitting on a grassy field with a full moon in the background. The person is wearing a long coat and has their arms crossed over their chest. They are looking up at the moon with a peaceful expression on their face. The sky is dark and cloudy, and the overall mood of the image is somber and contemplative. The text on the image reads ""Nem tia perto nem fao longa apenas segundo meu caminho, um passo de cada vez, se lento? Pode ser","screenshot,video,game,interface,person,sitting,grassy,field,full,moon,wearing,long,coat,arms,crossed"
piy6LnIQ11M,"FRASE DE REFLEXÃO, MOTIVAÇÃO E  SUPERAÇÃO #frasesdobem #mensagem #boasfrases #status #frases #amor",9,frases de reflexão,2026-08-19T16:40:39,https://www.youtube.com/watch?v=piy6LnIQ11M,"The image is a digital illustration of a young couple embracing each other in a romantic manner. The background is black with red hearts scattered around. The couple is standing close together, with the man's arm around the woman's waist. The woman is wearing a pink dress and has long brown hair, while the man has dark hair. They are both smiling and looking at each other lovingly.

In the center of the image, there is a text in Portuguese that reads ""Sabe porque o amor e ceso"" which translates to ""I love you to the moon and back"" in English. The text","digital,illustration,young,couple,embracing,each,romantic,manner,black,red,hearts,scattered,around,standing,close"
N6azpWssz8U,frase de hoje para refletir #frasemotivacao #frases #reflexão,7,frases de reflexão,2026-08-19T16:40:39,https://www.youtube.com/watch?v=N6azpWssz8U,"The image is a black and white photograph of a man sitting on a bench with his hands clasped together in front of him. He appears to be deep in thought, with a serious expression on his face. The background is blurred, but it seems to be a cityscape with tall buildings and a cloudy sky. The image is accompanied by a quote in Portuguese that reads ""Por algue humildo que Algue possa se não for humilidos, se se se melhor se perde noar ogágica, a humilida, a parteira bella da sabor","black,white,photograph,man,sitting,bench,hands,clasped,together,appears,deep,thought,serious,expression,face"
nPD4ipy3VnI,#inscreva_se #motivação #frases #bomdia #whatsappstatus #fé #short #deus #gratidão #biblia #gospel,7,frases de reflexão,2026-08-19T16:40:39,https://www.youtube.com/watch?v=nPD4ipy3VnI,"The image is a digital illustration of a field of flowers with a tree in the background. The sky is orange and pink, indicating that it is either sunrise or sunset. The flowers are in full bloom and are scattered across the ground. In the center of the image, there is a text in Spanish that reads ""Jesué 1:9"" which translates to ""Jesus is the first day of the week"" in English. The text is written in a cursive font and is surrounded by a white border. On the right side of the illustration, there are two hands holding a book, one of which is open and the","digital,illustration,field,flowers,tree,sky,orange,pink,indicating,either,sunrise,sunset,full,bloom,scattered"
_7RLqQj62tY,"FRASE DE REFLEXÃO, MOTIVAÇÃO E  SUPERAÇÃO #frasesdobem #mensagem #boasfrases #status #frases #amor",7,frases de reflexão,2026-08-19T16:40:39,https://www.youtube.com/watch?v=_7RLqQj62tY,"The image is a screenshot of a video game interface. It shows a red motorcycle parked on the side of a road with a blurred background. The motorcycle is in motion, with the rider in the foreground and the background slightly out of focus. The rider is wearing a red helmet and appears to be in motion. On the right side of the image, there is a text in Portuguese that reads ""Reflexão Com o tempo você Percebe que as Pessoas são como Livros. Algunas te Enganam pela capa E outro te surpreende Pelo confeudo","screenshot,video,game,interface,red,motorcycle,parked,side,road,blurred,motion,rider,foreground,slightly,focus"
0Xkq2wQ09OA,"A neurociência prova, qualquer um é capaz de vencer 🔥 #reflexão #motivacional #frases",17,frases de reflexão,2026-08-19T16:40:39,https://www.youtube.com/watch?v=0Xkq2wQ09OA,"The image is a black and white still from a TV show. It features a close-up of a woman's face, with her eyes closed and her lips slightly parted. She appears to be in a state of deep thought or contemplation. The background is blurred, but it seems like she is in a room with a window and a curtain. On the right side of the image, there is a text that reads ""ELA MANTENNA"" which translates to ""Reflexos do Coração"" in English. Below the text, there are two logos, one for ""Reflexos"" and the","black,white,still,show,features,close,woman,face,eyes,closed,lips,slightly,parted,appears,state"
0bYER2TbEQg,Qual a sua opinião sobre isso? #motivação #reflexão #trabalho #clt,12,frases de reflexão,2026-08-19T16:40:39,https://www.youtube.com/watch?v=0bYER2TbEQg,"The image is a digital illustration of a podium with three figures on it. The podium is yellow and has the word ""DONO"" written on it in white letters. On the left side of the podium, there is a figure of a man standing on top of a pedestal with his arms raised in the air. The figure on the right side is a man with his head tilted to the side and a speech bubble above his head that reads ""Realidade do trabalho"" (Realidades do trabalho) in Portuguese. The background is black and there are two silhouettes of people on either side","digital,illustration,podium,three,figures,yellow,word,dono,written,white,letters,left,side,figure,man"
O9LhDaPkNIA,DICAS PARA CASAIS #reflexão #motivacional #mensagem #frasemotivacao #frases #shorts,6,frases de reflexão,2026-08-19T16:40:39,https://www.youtube.com/watch?v=O9LhDaPkNIA,"The image is a collage of three different images. The first image on the left shows a man and a woman standing close together, with the man's arm around the woman's waist. The woman is looking away from the camera with a serious expression on her face. The background is white, and the text on the image reads ""Vancerjunto"" which translates to ""A major vitoria de um casal e permanenteer unido mesmo em meio as tempestades"" in English. The text is written in a playful font. The image appears to be a promotional poster for a movie or TV","collage,three,different,images,first,left,man,woman,standing,close,together,arm,around,waist,looking"
YoRVW0r7GFk,"""vídeos de reflexão"", ""pensamentos inspiradores"", ""motivação"" #viralvideo #reflexões #inspiração",9,frases de reflexão,2026-08-19T16:40:39,https://www.youtube.com/watch?v=YoRVW0r7GFk,"The image is a collage of two photographs. On the left side, there is a black background with white text that reads ""Eu sei quenão e o certo a fazer-mas"" which translates to ""Eurean, the first of the first time in Portuguese"" in English. The text is written in a cursive font and is surrounded by a white border.

On the right side of the image, there are two photographs of an elderly couple sitting on a bench. The woman is wearing a gray coat and glasses, and the man is wearing glasses. They are both looking off","collage,photographs,left,side,black,white,sei,quenão,certo,fazer,mas,translates,eurean,first,time"
ibxJBUP8oLU,mensagem de reflexão #mensagem #reflexão,12,frases de reflexão,2026-08-19T16:40:39,https://www.youtube.com/watch?v=ibxJBUP8oLU,"The image is a digital illustration of a beautiful sunset over the ocean. The sky is a mix of orange, pink, and purple hues, with the sun setting in the background. The ocean is a deep blue-green color, with small waves crashing onto the shore. The horizon line is visible in the distance, and the water is calm and still. In the center of the image, there is a text in Portuguese that reads ""Mensagem do dia"" which translates to ""Mensegem do day"" in English. The text is written in a cursive font and is surrounded by a white border","digital,illustration,beautiful,sunset,ocean,sky,mix,orange,pink,purple,hues,sun,setting,deep,blue"
ewZMdzq-3KI,CARÁTER! #reflexão #frases #vida #lição,5,frases de reflexão,2026-08-19T16:40:39,https://www.youtube.com/watch?v=ewZMdzq-3KI,"The image is a black and white photograph of a silhouette of a man in a top hat and top hat. The background is blurred, but it appears to be a cityscape with buildings and skyscrapers. In the center of the image, there is a text in Spanish that reads ""Ninguém é melhor do que ninguéem. Mas algunse destacam pelo seu caráter e outros pela falta dele."" The text is written in a cursive font and is surrounded by a white border. The overall mood of the photograph is somber and contemplative.","black,white,photograph,silhouette,man,hat,blurred,appears,cityscape,buildings,skyscrapers,center,spanish,ninguém,melhor"
5Pm6NY8KXNE,frases motivacionais #shorts#frasescurtas #reflexão #sabedoria# #aprender#falar#mensagem#textos,6,frases de reflexão,2026-08-19T16:40:39,https://www.youtube.com/watch?v=5Pm6NY8KXNE,"The image shows a person's hand reaching out towards a window with a view of a landscape. The window appears to be open, as the sky is visible in the background. The person's fingers are spread out in a gesture of reaching towards the sky. The text on the window reads ""O conseleho do sibio: Aprenda a dizero que está te incomodado, não quando voces, nao quando mais, ná assim você poder, número tudo tudo, nado, máscara,","person,hand,reaching,towards,window,view,landscape,appears,open,sky,visible,fingers,spread,gesture,conseleho"
Q-2wIaRdrRg,SÁBIO É AQUELE QUE ESPERA EM DEUS!! #amor #motivacional #frases #gratidao #fe #mensagempositiva,8,frases de reflexão,2026-08-19T16:40:39,https://www.youtube.com/watch?v=Q-2wIaRdrRg,"The image is a text-based greeting card with the title ""Sábio"" written in Portuguese. The background of the card is a light brown color and the text is written in black. The text is in a simple, sans-serif font and is centered on the card. The word ""FORTE"" is written above the word ""Feliz"" in a larger font size than the rest of the text. Below the word, there is a smaller text in Portuguese that reads ""E aquele que espera em Deus, pois tera a recompensa. Forte"" which translates","based,greeting,card,title,sábio,written,portuguese,light,brown,color,black,simple,sans,serif,font"
uHw_a90OvHM,versículo do dia. versículo da Bíblia. mensagem de bom dia. frases de motivação. Pregação.,7,frases de reflexão,2026-08-19T16:40:39,https://www.youtube.com/watch?v=uHw_a90OvHM,"The image is a digital illustration of a scroll of parchment paper with a quote written in Portuguese. The scroll is yellowed with age and has a worn and weathered appearance. The quote reads ""Guarda-me, 6 Deus, porque em ti me refugio, Salmos 16:1"" which translates to ""Guard of the Bible, 6 Deus, porqué em ti, me refuguio, salmos 16.1"". The scroll appears to be old and worn, with some creases and wrinkles on the edges. The background is a light beige color, and the scroll is slightly tilted","digital,illustration,scroll,parchment,paper,quote,written,portuguese,yellowed,age,worn,weathered,appearance,guarda,deus"
YafbF5OK_LQ,Frase Motivacional Lembre-se Que Você Tem Força e Coragem Necessária Para Superar Qualquer Obstáculo,5,frases de reflexão,2026-08-19T16:40:39,https://www.youtube.com/watch?v=YafbF5OK_LQ,"The image is a digital illustration of a lion's head in the center. The lion is facing towards the right side of the image and its head is turned slightly to the left. The background is a dark green color with a gradient effect. On the left side, there is a text in Spanish that reads ""Lembre-se de que mesmo nos dias mais difíceis, você tem a força e a coragem necessárias para superar qualquer obstáculo e alcançar seus objetivos, accreditate em si mesmo","digital,illustration,lion,head,center,facing,towards,right,side,turned,slightly,left,dark,green,color"
_iYduiKvBTo,"FRASE DE REFLEXÃO, MOTIVAÇÃO E  SUPERAÇÃO #frasesdobem #mensagem #boasfrases #fé #status #frases",8,frases de reflexão,2026-08-19T16:40:39,https://www.youtube.com/watch?v=_iYduiKvBTo,"The image is a screenshot from a video game. It shows a person's legs in the foreground, standing in a field of tall grass with a beautiful sunset in the background. The sky is filled with orange and pink hues, and the sun is setting in the distance. The person is wearing a pair of brown boots and appears to be walking towards the horizon. The text on the image reads ""Faga sun parte, seja bom e não espere muuto dos outros, o importante e sua essencia e o que carrega no coracao, Pois iso ning","screenshot,video,game,person,legs,foreground,standing,field,tall,grass,beautiful,sunset,sky,filled,orange"
dlo-HjetziI,Status de hoje: #frases #frasesmensagensepoesias #fy #frasesdereflexao #reflexão #fy  #motivacional,9,frases de reflexão,2026-08-19T16:40:39,https://www.youtube.com/watch?v=dlo-HjetziI,"The image is a black and white photograph of an elderly man with a white turban on his head, standing on a rocky shore. He appears to be deep in thought, with his eyes closed and his hands clasped together in front of him. The background is blurred, but it seems to be a cloudy sky. On the right side of the image, there is a text in Portuguese that translates to ""Status of hope: Dizem que as pessoas sofão perceber o seu valor quando te perder"" (meaning ""I love you to the moon and back) in English","black,white,photograph,elderly,man,turban,head,standing,rocky,shore,appears,deep,thought,eyes,closed"
9M6En8UNdA4,A frase mais inteligente que você vai ouvir 😂 #reflexão #motivacional #frases,14,frases de reflexão,2026-08-19T16:40:39,https://www.youtube.com/watch?v=9M6En8UNdA4,"The image is a black and white still from a TV show. It features a close-up of a woman's face, with her eyes looking directly at the camera. She has shoulder-length dark hair and is wearing a necklace and earrings. The background is blurred, but it appears to be a room with a window and a curtain. The text on the image reads ""Mais mais inteligentes que que Reflexos do Coração"" which translates to ""What is the intelligence of the future?"" in English.","black,white,still,show,features,close,woman,face,eyes,looking,directly,camera,shoulder,length,dark"
0ddZsmy2Ves,Leva pra vida!#reflexão #frases #vida #lição #sorts,9,frases de reflexão,2026-08-19T16:40:39,https://www.youtube.com/watch?v=0ddZsmy2Ves,"The image is a screenshot of a text message in Portuguese that reads ""Valo mere que quen mud"" which translates to ""Valor? Pra vida!"" in English. The background of the image is black, and the text is written in white. The text is arranged in a grid-like pattern, with each text in a different font size and color. The font size is large, and it appears to be a combination of English and Spanish. There are three yellow smiley faces in the bottom right corner, which are likely the emoticons used to say ""love"".","screenshot,message,portuguese,valo,mere,que,quen,mud,translates,valor,pra,vida,english,black,written"
T-XV5eAZyOU,Cr7 e sua automotivação! #dublagem #Cr7 #cristianoronaldo #futebol,12,automotivação,2026-08-19T16:39:56,https://www.youtube.com/watch?v=T-XV5eAZyOU,"The image is a collage of three photos. The first photo on the top left shows a man with long dark hair and a beard, wearing a green shirt. He appears to be in a recording studio or a music studio, as there are musical instruments visible in the background.

The second photo in the middle shows a close-up of Cristiano Ronaldo's face. He is wearing a red and green striped shirt and has a serious expression on his face. The text on the bottom right corner of the image reads ""Dub: @GustavoMachadoog"".","collage,three,photos,first,photo,left,man,long,dark,hair,beard,wearing,green,shirt,appears"
LzfjFa3Ok0Q,Automotivação funciona,56,automotivação,2026-08-19T16:39:56,https://www.youtube.com/watch?v=LzfjFa3Ok0Q,"The image shows a man standing on a stage with a blue background. He is wearing a suit and tie and appears to be giving a presentation. The stage is lit up with bright lights and there is a large screen behind him with a purple and white pattern. On the screen, there is text that reads ""Automotivacao funciona!"" which translates to ""Automotive function"" in English. Below the text, there are two smaller text boxes that read ""Vocle sable que"" which is Spanish for ""Vocal sable"" in Portuguese. The image appears to have been taken at a conference or event","man,standing,stage,blue,wearing,suit,tie,appears,giving,presentation,lit,bright,lights,large,screen"
Gr3ZlVG_bDM,Passos para auto motivação @GodriTV #voce #automotivação #motivacional #disciplina #persistence,36,automotivação,2026-08-19T16:39:56,https://www.youtube.com/watch?v=Gr3ZlVG_bDM,"The image shows a man in a suit and tie standing on a stage with a microphone in his hand. He appears to be giving a speech or presentation. The background is blue with white polka dots and there is a logo of the European Union on the top left corner. The text on the image reads ""EU comecei a mudar"" which translates to ""EU comescei is a mud-based mudar"". The man looks serious and is gesturing with his hands as he speaks.","man,suit,tie,standing,stage,microphone,hand,appears,giving,speech,presentation,blue,white,polka,dots"
QS2UD9D2bb0,Como a automotivação pode impactar positivamente minha vida? #motivação #motivacional #automotivação,26,automotivação,2026-08-19T16:39:56,https://www.youtube.com/watch?v=QS2UD9D2bb0,"The image is a black background with green text in the center. The text reads ""Como a automotivação pode impactar positivamente minha vida?"" which translates to ""What is a positive impact?"" in English. Surrounding the text are various words in different sizes and fonts, including ""auto"", ""pod"", ""pos"", ""mi"", ""cómo"", ""star"", ""ente"", and ""la?"". The text is written in a playful and whimsical font.","black,green,center,como,automotivação,pode,impactar,positivamente,minha,vida,translates,what,positive,impact,english"
gNdF5YkdAW0,COMO AUTOGERAR DOPAMINA DO ESFORÇO EM SI E SE AUTOMOTIVAR #motivação #foco #saudemental,40,automotivação,2026-08-19T16:39:56,https://www.youtube.com/watch?v=gNdF5YkdAW0,"The image is a collage of two photos. On the left side, there is a man sitting at a desk with a laptop in front of him. He is wearing a grey t-shirt and blue jeans and is looking at the camera with a serious expression on his face. The background is blurred, but it appears to be a room with a door and a window. The text on the image reads ""Como autogerar dopamina do esforço em si"" which translates to ""How to autogear do esforço esforo emsi"" in English.","collage,photos,left,side,man,sitting,desk,laptop,wearing,grey,shirt,blue,jeans,looking,camera"
xnzMthFN0k0,Uma atitude real de carinho e amor de cada vez. #motivação #automotivação,16,automotivação,2026-08-19T16:39:56,https://www.youtube.com/watch?v=xnzMthFN0k0,"The image is a screenshot of a video call between two people. The video is of Nelson Mandela, the former president of South Africa. He is shown in a close-up shot, with his eyes closed and a slight smile on his face. The background is blurred, but it appears to be an outdoor setting with trees and a blue sky. The text on the video reads ""Quer saber como"" which translates to ""We are the leader of the South African people."" There is also a logo of the Brazilian government on the bottom right corner of the video.","screenshot,video,call,between,people,nelson,mandela,former,president,south,africa,close,shot,eyes,closed"
rpSKsO6yyqU,"""A Chave para a Automotivação"" #Automotivação #Determinação #Motivação #Sucesso #Inspiração",50,automotivação,2026-08-19T16:39:56,https://www.youtube.com/watch?v=rpSKsO6yyqU,"The image is a collage of three photographs of a beautiful sunset over a body of water. The first photograph on the left shows a wooden pier extending into the water, with a sailboat docked at the end. The sky is a mix of orange, yellow, and blue hues, with the sun setting in the background. The water is calm and still, reflecting the colors of the sky. The boat is white and appears to be anchored in the water. In the center of the image, there is a text that reads ""UMA"" in bold, black letters. The overall mood of the photograph is peaceful and","collage,three,photographs,beautiful,sunset,body,water,first,photograph,left,wooden,pier,extending,sailboat,docked"
JhxwsH0kZvg,#motivação #foco #disciplina #objetivo #direção #automotivação #competências #softskills,18,automotivação,2026-08-19T16:39:56,https://www.youtube.com/watch?v=JhxwsH0kZvg,The image is a collage of two photos. The first photo on the left shows a young boy sitting on a wooden platform with a blackboard in front of him. He is wearing a yellow t-shirt and blue jeans and appears to be in a room with a red door in the background. The second photo in the middle shows a small black dog lying on the ground next to a pile of bricks. The bricks are arranged in a way that they form a maze-like structure. There is also a small white object on the right side of the image.,"collage,photos,first,photo,left,young,boy,sitting,wooden,platform,blackboard,wearing,yellow,shirt,blue"
cndogNVPy8M,MELHORE SUA AUTOMOTIVAÇÃO | SUELI SILVA #bispasuelisilva #terapia #automotivação #saudeemocional,19,automotivação,2026-08-19T16:39:56,https://www.youtube.com/watch?v=cndogNVPy8M,"The image is a collage of three photos of a person running on a road. The first photo on the left shows the person's legs and feet, while the second photo in the middle shows the same person running. The person is wearing a red long-sleeved shirt and black leggings. The background shows a cloudy sky and a body of water. The third photo is a close-up of the person running with their arms stretched out to the sides. The text on the image reads ""Melhore sua automotivação"" which translates to ""How to improve your running"" in English.","collage,three,photos,person,running,road,first,photo,left,legs,feet,while,second,same,wearing"
2qtm9SUZJnM,A jornada pode ser difícil... #shorts #automotivação,19,automotivação,2026-08-19T16:39:56,https://www.youtube.com/watch?v=2qtm9SUZJnM,"The image shows a young woman standing on a cliff with her arms raised in the air. She is wearing a black sports bra and leggings and has long blonde hair. The background is a cloudy sky and the cliff is covered in greenery. The image is accompanied by a text that reads ""Auto-motiváção de"" which translates to ""Auto motivation"" in English. The text also mentions that the woman is a jornada pode ser dificil.","young,woman,standing,cliff,arms,raised,air,wearing,black,sports,bra,leggings,long,blonde,hair"
rutDjipFV0I,livramento ! ..#motivaçãododia #automotivação #motivaçãoemfrases,15,automotivação,2026-08-19T16:39:56,https://www.youtube.com/watch?v=rutDjipFV0I,"The image is a black and white photograph of a street at night. The street is lined with trees and there are people walking on the sidewalk. The sky is dark and the street appears to be wet, suggesting that it has recently rained. In the center of the image, there is a small tree with a sign that reads ""Nada é por acaso"" which translates to ""Nad for acasos"" in English. The image is accompanied by a text message in Portuguese that translates to the phrase ""Quando você Escutar um chamado Apenas confia"".","black,white,photograph,street,night,lined,trees,people,walking,sidewalk,sky,dark,appears,wet,suggesting"
Vedffr9jdaQ,Maturidade! ..#motivaçãododia #automotivação #motivaçãoemfrases,15,automotivação,2026-08-19T16:39:56,https://www.youtube.com/watch?v=Vedffr9jdaQ,"The image is a screenshot of a text message in Spanish that reads ""Mujer menjos por a que en entenderam o que é ser homem. Enquanto muitos homens preferem continuar sendo meninos."" The message is written in a cursive font and is accompanied by a photo of two young people, a boy and a girl, standing on a bridge with backpacks. The background is blurred, but it appears to be a cloudy sky. The image is likely from a video or a conversation between the two people.","screenshot,message,spanish,mujer,menjos,por,que,entenderam,ser,homem,enquanto,muitos,homens,preferem,continuar"
zrwFZ0CTY7U,#autoresponsabilidade #autocontrole #automotivação #autoestima #shorts #energia,16,automotivação,2026-08-19T16:39:56,https://www.youtube.com/watch?v=zrwFZ0CTY7U,"The image is a still from a video. It shows a man with long dreadlocks and a beard, wearing a colorful headband and multiple necklaces. He is standing in front of a black background and appears to be speaking or gesturing with his hands. The man has a serious expression on his face and is looking directly at the camera.","still,video,man,long,dreadlocks,beard,wearing,colorful,headband,multiple,necklaces,standing,black,appears,speaking"
LXIU--Wht-s,O segredo da motivação @GodriTV #voce #motivação #automotivação #segredo #motivationalvideo,48,automotivação,2026-08-19T16:39:56,https://www.youtube.com/watch?v=LXIU--Wht-s,"The image shows a man standing on a stage with his arms stretched out wide. He is wearing a black suit and a pink tie. The background is a blue screen with small white dots scattered across it. The man appears to be giving a speech or presentation. The text on the screen reads ""O Segredo da Motiváção"" which translates to ""The man is a motivational speaker"" in English. There are two hands on either side of the screen, suggesting that the man is giving a presentation.","man,standing,stage,arms,stretched,wide,wearing,black,suit,pink,tie,blue,screen,small,white"
Jm3RWfhl2Ec,Seguimos por aqui #oficina cheia ✅ #boatarde #mecanico #dicasdecarro #automotivação,59,automotivação,2026-08-19T16:39:56,https://www.youtube.com/watch?v=Jm3RWfhl2Ec,"The image is a collage of three photos. The first photo on the left shows a person's hand holding a small object, which appears to be a tool or a tool holder. The person is wearing a black t-shirt with the word ""TECO"" written on it. The second photo in the middle shows the person holding the object with both hands. The third photo shows a red toolbox with various tools and equipment inside. The background is a garage or workshop with a concrete floor and a red wall.","collage,three,photos,first,photo,left,person,hand,holding,small,object,appears,tool,holder,wearing"
uNRqV4gI25Q,Aprenda ter Automotivação,49,automotivação,2026-08-19T16:39:56,https://www.youtube.com/watch?v=uNRqV4gI25Q,"The image is a screenshot of a video call with a man in the center. He is wearing a black t-shirt and glasses and appears to be in his late twenties or early thirties. He has short, dark hair and is looking directly at the camera with a serious expression on his face. The background is a plain white wall with a computer monitor visible on the left side.","screenshot,video,call,man,center,wearing,black,shirt,glasses,appears,late,twenties,early,thirties,short"
A-ajlEgjM2I,O Segredo da Motivação  #motivacional  #reflexão #automotivação,38,automotivação,2026-08-19T16:39:56,https://www.youtube.com/watch?v=A-ajlEgjM2I,"The image is a meme featuring a cartoon character from the animated TV show ""The Office"". The character is a man in a suit and tie, with a surprised expression on his face. He is standing in front of a TV screen with the show's logo on it. The text on the screen reads ""O segredo da motivação"" which translates to ""The office of the office"" in English. Below the character, there is a caption that reads ""me corrigir, me corrigi"". The meme appears to be made with the imgflip meme maker.","meme,featuring,cartoon,character,animated,show,office,man,suit,tie,surprised,expression,face,standing,screen"
JvBhBzb86Ao,Nada dura para sempre. Nem a dor. #reflexão #automotivação #recomeços,60,automotivação,2026-08-19T16:39:56,https://www.youtube.com/watch?v=JvBhBzb86Ao,"The image shows a person walking on a dark street at night. The street is lined with trees and there is a large screen in the background. The screen displays the text ""NADA"" in red and white letters, with the words ""NADADUAPARA SEMPRE"" in smaller letters below it. The text is in Spanish and translates to ""Nada"" in English. The image appears to be a screenshot from a video game or video game.","person,walking,dark,street,night,lined,trees,large,screen,displays,nada,red,white,letters,words"
PnN1GziC6Ww,A motivação é o combustível que alimenta o seu sucesso #motivacao24h #automotivação,22,automotivação,2026-08-19T16:39:56,https://www.youtube.com/watch?v=PnN1GziC6Ww,"The image is a collage of three different images. The first image on the left shows a view of a body of water with a boat in the distance. The sky is blue and the water is a deep blue-green color. The boat is white and appears to be moving towards the right side of the image. The water is choppy and there are small waves crashing onto the shore. The background is blurred, but it seems to be a cityscape with buildings and trees.

The second image in the middle shows a blue thumbs up icon with a red heart in the center. The text on the image reads ""","collage,three,different,images,first,left,view,body,water,boat,distance,sky,blue,deep,green"
PovxQX4CRpU,O Poder da Automotivação para uma Vida de Sucesso,60,automotivação,2026-08-19T16:39:56,https://www.youtube.com/watch?v=PovxQX4CRpU,"The image is a graphic design with a white background and a red and green gradient on the left side. On the right side, there is a photo of a man in a suit and tie, smiling and pointing at the camera. He appears to be in a professional setting. The text on the image reads ""O Poder da Automotiváção para uma Vida de Successo"" which translates to ""Automotive for Success"" in English. The image is likely promoting a presentation or event related to automotive industry.","graphic,design,white,red,green,gradient,left,side,right,photo,man,suit,tie,smiling,pointing"
iDrLxZOvBNI,"#shorts 🌟Às vezes, encontramos obstáculos em nossa busca pela automotivação 🌟",35,automotivação,2026-08-19T16:39:56,https://www.youtube.com/watch?v=iDrLxZOvBNI,"The image is a screenshot of a video call between a young woman and a man. The woman is wearing a white tank top and has shoulder-length dark hair. She is looking directly at the camera with a slight smile on her face. The man has a tattoo on his left arm and is also wearing a necklace. The text on the image reads ""have a positive mindset"". The background of the image shows a bedroom with a bed and a dresser.","screenshot,video,call,between,young,woman,man,wearing,white,tank,shoulder,length,dark,hair,looking"
hAtnYzpD9v8,confia em Deus! ..#motivaçãododia #automotivação #motivaçãoemfrases #intags,12,automotivação,2026-08-19T16:39:56,https://www.youtube.com/watch?v=hAtnYzpD9v8,"The image is a meme featuring a photo of a person falling off a stack of hay bales in a field. The person is wearing a blue shirt and a green hat, and is holding onto the bales with both hands. The sky is cloudy and the field is filled with tall, golden hay. The text on the image reads ""Para essa Semana"" which translates to ""For essa semana"" in English. Below the text, there is a caption that reads ""Motivação é assim que devemos confiar em Deus!"" which is Portuguese for ""For the death of a child","meme,featuring,photo,person,falling,off,stack,hay,bales,field,wearing,blue,shirt,green,hat"
w2RCvk9O0IA,Dicas para melhorar sua automotivação,58,automotivação,2026-08-19T16:39:56,https://www.youtube.com/watch?v=w2RCvk9O0IA,"The image is a screenshot from a video call. It shows a young woman with dark hair and glasses, wearing a black t-shirt. She is standing in a room with a white wall and an air conditioning unit in the background. The woman is making a peace sign with her fingers and has a serious expression on her face. The text on the image reads ""Ento pra liso a gente va pra dica defina seu ou jetivo"" which translates to ""I love you to the moon and back"" in English.","screenshot,video,call,young,woman,dark,hair,glasses,wearing,black,shirt,standing,room,white,wall"
lp5gpBjyXrU,Cree en ti mismo parte2 #autoayuda #autoestima #autocuidado #automotivacion #automotivação #motivar,16,automotivação,2026-08-19T16:39:56,https://www.youtube.com/watch?v=lp5gpBjyXrU,"The image is a screenshot of a video call between a woman and a man. The woman is wearing a pink t-shirt with a graphic of a pair of false eyelashes on it. She has dark hair and is looking directly at the camera with a surprised expression on her face. The text on the image reads ""Cree en ti mismo 2"" which translates to ""Cream in the mismo"" in English. The background of the image appears to be a bedroom with a bed and a nightstand with a lamp and other items.","screenshot,video,call,between,woman,man,wearing,pink,shirt,graphic,pair,false,eyelashes,dark,hair"
uyh-_aKXfQk,Top 5 Memes Brasileiros de 2024🔥 #meme #memebrasileiro #retrospectiva,36,memes brasileiros,2026-08-19T16:39:15,https://www.youtube.com/watch?v=uyh-_aKXfQk,"The image is a collage of three different elements. The first element on the top left is a young girl with long dark hair, wearing a pink top and holding a microphone. She is standing in front of a green background with a cartoon character of a woman with blue hair and a yellow top. The second element in the middle is a man with curly hair and black hair, with a red jacket and a black shirt. He is looking directly at the camera with a serious expression on his face.

The third element on top right is a skull with a white face and black eyes. The skull is covered in green paint","collage,three,different,elements,first,element,left,young,girl,long,dark,hair,wearing,pink,holding"
mFrgCjOSTEs,BRASILEIRO NA GUERRA | #humor,21,memes brasileiros,2026-08-19T16:39:15,https://www.youtube.com/watch?v=mFrgCjOSTEs,"The image is a collage of two photographs. The first photograph on the left shows a cable car going up a steep cliff, with a person standing on top of it. The cable car is white and blue in color and has a sign on the side that reads ""O brasileiro em uma guerra"". The second photograph in the middle shows a view of the city of Rio de Janeiro, Brazil. The city is surrounded by lush greenery and the ocean can be seen in the background. The sky is blue and the weather appears to be sunny and clear.","collage,photographs,first,photograph,left,cable,car,going,steep,cliff,person,standing,white,blue,color"
6fMEOILW1vU,só os brasileiros vão entender🤣(2M+) #viral #edit,6,memes brasileiros,2026-08-19T16:39:15,https://www.youtube.com/watch?v=6fMEOILW1vU,"The image is a collage of six bottles of soda from Brazil. The bottles are arranged in a line, with the largest bottle in the center and the smallest bottle on the right side. 

On the left side of the image, there is a cartoon character wearing a green hat and holding a bunch of money. The character appears to be a green alien with a big smile on its face. Next to it, there are two bottles of Fanta, a soda bottle with a red label, and a bottle of Coca-Cola.

The background is white, and the Brazilian flag is visible in the top right","collage,six,bottles,soda,brazil,arranged,line,largest,bottle,center,smallest,right,side,left,cartoon"
aEjSJoJi_hM,BRASIL #shorts #countryballs #humor #xd #brasil #viral,11,memes brasileiros,2026-08-19T16:39:15,https://www.youtube.com/watch?v=aEjSJoJi_hM,"The image is a collage of three different elements. The first element on the top left is a map of the world with different countries and flags scattered across it. The countries are represented by different colors and sizes, including red, white, and blue.

The second element in the middle is a large map of South America with a red circle in the center. The flag of Canada is red, with a white maple leaf in the top right corner. The map is filled with small circles of different colors, representing different countries. The circles are arranged in a way that they form a grid-like pattern, with each circle","collage,three,different,elements,first,element,left,map,world,countries,flags,scattered,across,represented,colors"
mr1jArLYcZw,Como invocar um brasileiro em segundos..#demonslayer #kimetsu#memes #brasileiro#anime#mitsurikanroji,10,memes brasileiros,2026-08-19T16:39:15,https://www.youtube.com/watch?v=mr1jArLYcZw,"The image is a digital illustration of a young girl with pink hair and green eyes. She is wearing a yellow t-shirt and has a big smile on her face. The background is white and there are two hands making a peace sign with their fingers. The text on the image reads ""Como invocar um brasileiro em segundos"" which translates to ""Happy birthday"" in English. The image appears to be a meme or a greeting card.","digital,illustration,young,girl,pink,hair,green,eyes,wearing,yellow,shirt,big,smile,face,white"
VpW-rT4GR7Q,AMERICANO REAGINDO A MEMES BRASILEIROS DO TIKTOK,54,memes brasileiros,2026-08-19T16:39:15,https://www.youtube.com/watch?v=VpW-rT4GR7Q,"The image is a collage of three photos. On the left side, there is a photo of a man wearing a headset and smiling. He appears to be in a recording studio or recording studio. In the middle, there are two photos of a woman with blonde hair and a blue shirt. The woman is smiling and looking at the camera. The man is holding an American flag and the woman is wearing a necklace with the Brazilian flag on it. The text on the image reads ""Americano reage a memes brasileiros"" which translates to ""American reage of a meme"" in English.","collage,three,photos,left,side,photo,man,wearing,headset,smiling,appears,recording,studio,woman,blonde"
DZieEM3UqZ0,Pérolas brasileiras #brasil #memes #tentenaorir #humor,23,memes brasileiros,2026-08-19T16:39:15,https://www.youtube.com/watch?v=DZieEM3UqZ0,"The image is a screenshot from a video posted on Instagram. It shows a man holding a microphone and smiling. He is wearing a black shirt and a silver necklace. The text on the image reads ""Pov: Pérolas brasileiras"" which translates to ""Póv: Pérolas brasileirs"" in English. The man appears to be in a public setting, as there is a microphone in front of him. The caption on the screen reads ""fala pros jovens ai"" which is Portuguese for ""fals pros jovers ai"".","screenshot,video,posted,instagram,man,holding,microphone,smiling,wearing,black,shirt,silver,necklace,pov,pérolas"
gG6E3XTn3QE,Tente não rir | memes brasileiros #memes #tentenaorir #humor #brasil,60,memes brasileiros,2026-08-19T16:39:15,https://www.youtube.com/watch?v=gG6E3XTn3QE,"The image is a screenshot from a video call. It shows a young man wearing a green and black polo shirt and a red baseball cap. He is smiling and looking directly at the camera. The text on the image reads ""POV: PEROLAS BRASILEIRAS"" which translates to ""Pov: PEROAS BRASHILEIRASS"" in English. Below the text, there is a message in Portuguese that reads ""ele é o sósia"" which is Portuguese for ""Ele é o Sósía"". The background appears to be a classroom or a classroom setting.","screenshot,video,call,young,man,wearing,green,black,polo,shirt,red,baseball,cap,smiling,looking"
bW-0HFvZ0-8,POV: Brasileiro usando IA     #memes #humor #ia #shorts #veo3,31,memes brasileiros,2026-08-19T16:39:15,https://www.youtube.com/watch?v=bW-0HFvZ0-8,"The image is a collage of three photos. On the left side, there is a photo of a woman with long dark hair and a serious expression on her face. She is wearing a white t-shirt and appears to be speaking into a microphone. In the center, there are two women, one of whom is holding a microphone and the other is looking at the camera. The background shows a set of stairs leading up to a building. The text on the image reads ""POV: Brasileiro usando IA"".","collage,three,photos,left,side,photo,woman,long,dark,hair,serious,expression,face,wearing,white"
TWtCYYWvc4Y,Pérolas brasileiras #brasil #memes #tentenaorir #humor,30,memes brasileiros,2026-08-19T16:39:15,https://www.youtube.com/watch?v=TWtCYYWvc4Y,"The image shows a young boy sitting on a bed, holding a black electronic device in his hand. He is wearing a red hoodie and appears to be smiling at the camera. The device is a walkie-talkie, which is a small, rectangular device with a small screen and a small antenna on top. The boy is holding the device with both hands and is pointing at it with his index finger. The background is blurred, but it seems like he is in a bedroom or living room.","young,boy,sitting,bed,holding,black,electronic,device,hand,wearing,red,hoodie,appears,smiling,camera"
pZcvWAjErXo,GRINGO RACHA O BICO COM MEMES BRASILEIROS,57,memes brasileiros,2026-08-19T16:39:15,https://www.youtube.com/watch?v=pZcvWAjErXo,"The image is a screenshot of a video call with two men in the background. The man on the left is a man with short dark hair and is wearing a gray shirt. He is sitting in a car and appears to be in the middle of a conversation. The text on the image reads ""achou achou qu cachorro não quí"" which translates to ""achour achoul quí cachoro não que quí"". The text is in Portuguese and translates to translate to ""the man in the car is laughing."" The background is a green screen.","screenshot,video,call,men,man,left,short,dark,hair,wearing,gray,shirt,sitting,car,appears"
nuNKrOBYnkA,Brasileiro em qualquer lugar do mundo 🤣🇧🇷 #memes #funk #shorts,31,memes brasileiros,2026-08-19T16:39:15,https://www.youtube.com/watch?v=nuNKrOBYnkA,"The image is a screenshot of a mobile phone screen with a message in Portuguese that reads ""Brazilileiro em emuito bom"" which translates to ""Brazilian em qualquer lugar do mundo"" in English. The message is accompanied by a photo of two men walking on a street at night. The man on the left is wearing a white jacket, black pants, and a black beanie, and is walking towards the right side of the screen. He appears to be in a hurry, as if he is trying to stop the other man from entering the building. The background shows a city street with buildings and people","screenshot,mobile,phone,screen,message,portuguese,brazilileiro,emuito,bom,translates,brazilian,qualquer,lugar,mundo,english"
q0Pv4FW9AgM,Pérolas brasileiras #brasil #memes #tentenaorir #humor,47,memes brasileiros,2026-08-19T16:39:15,https://www.youtube.com/watch?v=q0Pv4FW9AgM,"The image is a close-up of a young boy's face. He appears to be around 4-5 years old and has curly hair. He is shirtless and is standing in a bathroom with a white tiled floor. The boy is looking directly at the camera with a slight smile on his lips. There is a yellow smiley face emoji on the right side of the image. The text on the image reads ""Pov: Pérolas brasileiras agr posso tomar cerveja?"" which translates to ""Pour: Pérolas brasileiraas"" in English.","close,young,boy,face,appears,around,years,old,curly,hair,shirtless,standing,bathroom,white,tiled"
pnAyYM8kKWk,Como se fala em inglês memes brasileiros?  #falandoingles  #ingles @teacherpaulagabriela,20,memes brasileiros,2026-08-19T16:39:15,https://www.youtube.com/watch?v=pnAyYM8kKWk,"The image is a screenshot from a video call. It shows a man sitting at a desk with a pen in his hand and a notebook open in front of him. He is wearing a white polo shirt and appears to be in an office setting. The text on the image reads ""Traduzza se puder"" which translates to ""Trader you are Puder"" in English. There is also a phone and a wallet on the desk. The background is blurred, but it seems like the man is in a room with a desk and a computer monitor.","screenshot,video,call,man,sitting,desk,pen,hand,notebook,open,wearing,white,polo,shirt,appears"
f2cmYZBil9E,OS BRASILEIRO ZUANDO ELE NÃO TANKEI KKKKKKKKKKKKKK!!!! #viralvideo #fypp #memes #humor #copadomundo,19,memes brasileiros,2026-08-19T16:39:15,https://www.youtube.com/watch?v=f2cmYZBil9E,"The image shows two young women standing side by side and smiling at each other. The woman on the left is wearing a blue Adidas jersey and has her hair tied up in a bun. She is also wearing a yellow t-shirt and has long black hair. The background appears to be a gymnasium with a basketball court and a scoreboard visible. The date ""23:59"" is visible in the bottom right corner of the image.","young,women,standing,side,smiling,each,woman,left,wearing,blue,adidas,jersey,hair,tied,bun"
YJYycrEOo9M,O Brasil reviveu o meme “Meu nome é Júlia” e eu AMEI! #katyperry #rockinrio,14,memes brasileiros,2026-08-19T16:39:15,https://www.youtube.com/watch?v=YJYycrEOo9M,"The image is a still from a music video. It shows a young woman with blonde hair, wearing a black t-shirt, standing in front of a crowd of people at a concert. She is laughing and appears to be enjoying herself. The background is blurred, but it seems to be a night sky with colorful lights. The text on the image reads ""O Brasil Revueu y Meme ""Meu Nome e Julia"" which translates to ""You're a meme"" in English.","still,music,video,young,woman,blonde,hair,wearing,black,shirt,standing,crowd,people,concert,laughing"
VcaMU5iuvNE,TOP 5 MEMES BRASILEIROS 2023 🇧🇷 #meme #memebrasil #retrospectiva,39,memes brasileiros,2026-08-19T16:39:15,https://www.youtube.com/watch?v=VcaMU5iuvNE,"The image is a collage of three photos. The first photo on the top left shows a person holding a tray with a dog and a leopard on it. The dog is wearing a black t-shirt with the number 2023 on it and is holding a glass of beer in its mouth. The leopard is standing on its hind legs and is looking at the camera. The background is green and there is a large leopard print on the right side of the image. In the center of the collage, there are two teddy bears, one brown and one white. The person is smiling and wearing sunglasses.","collage,three,photos,first,photo,left,person,holding,tray,dog,leopard,wearing,black,shirt,number"
On_z8qAJZDw,MEMES BRASILEIROS QUE FIZERAM SUCESSO FORA DO PAÍS,60,memes brasileiros,2026-08-19T16:39:15,https://www.youtube.com/watch?v=On_z8qAJZDw,"The image is a still from a French TV show. It shows a close-up of a woman's face, with her eyes looking directly at the camera. The background is dark, and the focus is on her face. The text on the image reads ""Esse meme aquida joelma fox"" which translates to ""I love you"" in English. The image appears to be a meme or a dialogue between the two characters.","still,french,show,close,woman,face,eyes,looking,directly,camera,dark,focus,esse,meme,aquida"
eGaHu4269Rg,Memes famosos (Antes  vs  Agora),17,memes brasileiros,2026-08-19T16:39:15,https://www.youtube.com/watch?v=eGaHu4269Rg,"The image is a screenshot from a video call. It shows a young man wearing a black t-shirt and a black cap. He is sitting on a couch with his arms crossed and is looking directly at the camera. The background is blurred, but it appears to be a room with a window and a plant. The text on the image reads ""Morreu em 2018"" which translates to ""Mor of 2018"" in English.","screenshot,video,call,young,man,wearing,black,shirt,cap,sitting,couch,arms,crossed,looking,directly"
__XJGwjNNMI,Pérolas brasileiras #brasil #memes #tentenaorir #humor,44,memes brasileiros,2026-08-19T16:39:15,https://www.youtube.com/watch?v=__XJGwjNNMI,"The image shows a young man and a young woman standing on a beach with tall buildings in the background. The woman is on the left side of the image, with her mouth open and her eyes closed, as if she is crying or upset. The man on the right side is looking at her with a concerned expression. The text on the image reads ""Pov: Pérolas brasileiras porque?"" which translates to ""Porque?"" in English. The image appears to be a screenshot from a video or a social media post.","young,man,woman,standing,beach,tall,buildings,left,side,mouth,open,eyes,closed,crying,upset"
gRfGnepCmd8,Pérolas brasileiras #brasil #memes #memes #tentenaorir #humor,42,memes brasileiros,2026-08-19T16:39:15,https://www.youtube.com/watch?v=gRfGnepCmd8,"The image is a screenshot from a video game. It shows a man with blue hair and a beard, wearing a black suit and a yellow tie. He is standing in front of a blue sky with trees in the background. The man is clapping his hands and appears to be in a meditative state. The text on the image reads ""Pov: Pérolas brasileiras"" which translates to ""Porolas brasilieiras"". There is also a tweet in Portuguese that reads ""@andre1edit"".","screenshot,video,game,man,blue,hair,beard,wearing,black,suit,yellow,tie,standing,sky,trees"
4kCiLNwSHgA,Memes Antes e Depois,10,memes brasileiros,2026-08-19T16:39:15,https://www.youtube.com/watch?v=4kCiLNwSHgA,"The image is a screenshot of a video call with the word ""ANTES"" written in red at the top. The background is blurred, but it appears to be a room with a couch and a table in the background. In the center of the screen, there is a photo of a young girl with long dark hair and a big smile on her face. She is wearing a white tank top and is sitting in front of a TV screen. On the left side of the image, there are two TikTok logos, one for TikTok and the other for TikTok. The TikTok logo is on the top left corner","screenshot,video,call,word,antes,written,red,blurred,appears,room,couch,table,center,screen,photo"
aEq8ODZqJtQ,Este angolano é o mais verdadeiro de todos #angola #brasil #memes #humor #comedia #comedy #2024,13,memes angolanos,2026-08-19T16:38:35,https://www.youtube.com/watch?v=aEq8ODZqJtQ,"The image is a collage of three photos of three young men standing in a street. The first photo on the left shows a young man wearing a black t-shirt with the word ""Cannabis"" written on it. He is holding a microphone and appears to be giving a speech or presentation to the other two men. The second photo in the middle shows the same young man, but he is wearing a white shirt with a green logo on it, and he is smiling at the camera. The third photo is a close-up of the man's face, and the background shows a tree and a building. The text","collage,three,photos,young,men,standing,street,first,photo,left,man,wearing,black,shirt,word"
TiTJPTbb8cg,ANGOLA VS MOÇAMBIQUE #memes #humor,13,memes angolanos,2026-08-19T16:38:35,https://www.youtube.com/watch?v=TiTJPTbb8cg,"The image is a collage of three photos. The first photo on the left shows a man walking on a street with a car in the background. He is wearing a white t-shirt and shorts and appears to be in his late twenties or early thirties. The second photo in the middle shows a woman walking with a red scarf in her hand. The third photo is a close-up of a man's face. The text on the image reads ""Trancas de cabelo de Angola"" which translates to ""Trance of the Cabelo of Angola"" in English.","collage,three,photos,first,photo,left,man,walking,street,car,wearing,white,shirt,shorts,appears"
iURgYCyoQ_s,MOÇAMBIQUE 🇲🇿 VS ANGOLA 🇦🇴  #memes #moçambique #angola,13,memes angolanos,2026-08-19T16:38:35,https://www.youtube.com/watch?v=iURgYCyoQ_s,"The image is a collage of two photos. The first photo on the left shows a young man standing in an empty street with a yellow plastic container in his hand. He is wearing a yellow t-shirt, black pants, and white sneakers. The background shows a white wall and a blue sky. The second photo in the middle shows the same man standing with his hands on his hips, holding the container. The text ""Angola"" is written in red and black on the top right corner of the image.","collage,photos,first,photo,left,young,man,standing,empty,street,yellow,plastic,container,hand,wearing"
guDiA2CxcBI,Gatuno angolano 😭🇦🇴🇦🇴 #memes #humor #comedia  #angola,19,memes angolanos,2026-08-19T16:38:35,https://www.youtube.com/watch?v=guDiA2CxcBI,"The image is a screenshot from a video posted by a user named ""Vocés podem dar bué de dica"". It shows a man sitting on a chair with a large orange and white drum in front of him. He is shirtless and appears to be in his late 40s or early 50s. The man has a bald head and is looking directly at the camera with a serious expression on his face. The background is blurred, but it seems like he is in a room with a wooden floor and a window. There is a red and white logo on the bottom right corner of the image.","screenshot,video,posted,user,named,vocés,podem,dar,bué,dica,man,sitting,chair,large,orange"
yDPnDbkGzBs,Se os super heróis fossem angolanos #reels #comedy #preceito #angola #funny #angolano,56,memes angolanos,2026-08-19T16:38:35,https://www.youtube.com/watch?v=yDPnDbkGzBs,"The image is a screenshot of a mobile phone screen with a photo of Iron Man from the Marvel Cinematic Universe. The photo is taken in a street with buildings and debris scattered around. In the center of the screen, there is a text message that reads ""Os heróis em Angola..."" which translates to ""Os heroes em Angola... I'm a hero, I'm an angry."" Below the text message, there are two hands holding a sign that says ""Tá duro, mano..."" (meaning ""I'm a superhero, I am a hero."" The image appears to be a meme or a conversation between the","screenshot,mobile,phone,screen,photo,iron,man,marvel,cinematic,universe,taken,street,buildings,debris,scattered"
YW_ml9Ai0ww,E se o Superman passasse por Angola kk #memes #angola #brasil #viralvideo #shortvideo #shorts #reels,18,memes angolanos,2026-08-19T16:38:35,https://www.youtube.com/watch?v=YW_ml9Ai0ww,"The image is a screenshot of a video game called ""Super Homem em Angola"". The background is black and the title of the game is written in white text at the top. Below the title, there is a cartoon image of a man in a blue suit with a red cape flying through the air. The man appears to be in mid-air, with his arms outstretched and a determined expression on his face. On the right side of the image, there are three emojis with different expressions - one with a smiley face, another with a frown, and the third with a sad face. At the bottom of","screenshot,video,game,called,super,homem,angola,black,title,written,white,below,cartoon,man,blue"
Uz98WIMWZz4,Angolanos Reagindo a Neve pela primeira vez #angola #neve #memes #shorts #angolanos #viralshort,23,memes angolanos,2026-08-19T16:38:35,https://www.youtube.com/watch?v=Uz98WIMWZz4,"The image is a screenshot of a video call between two people. On the left side of the screen, there is a black background with the logo of Togo and TikTok on the top left corner. The text on the screen reads ""Angolanos regindo a Neve"" which translates to ""Angolanos reagindo is a Neave"" in English. Below the logo, there are two images of a young girl with a flower crown on her head. The girl is wearing a red dress and has a big smile on her face. The image appears to be taken at night, as the background is","screenshot,video,call,between,people,left,side,screen,black,logo,togo,tiktok,corner,angolanos,regindo"
nZGGDWM7-40,As PIADAS de ANGOLA...,60,memes angolanos,2026-08-19T16:38:35,https://www.youtube.com/watch?v=nZGGDWM7-40,"The image is a screenshot from a TV show. It shows a young man with short dark hair, wearing a black t-shirt, sitting in a room with a black background. He is looking off to the side with a serious expression on his face. In the center of the image, there is a text that reads ""O rosto é branco, ne?"" which translates to ""What is the name of the man in the image?"" in English.","screenshot,show,young,man,short,dark,hair,wearing,black,shirt,sitting,room,looking,off,side"
mk1ogVlRuvs,Melhor meme Angolano.                    #melhores#memes#angolanos,23,memes angolanos,2026-08-19T16:38:35,https://www.youtube.com/watch?v=mk1ogVlRuvs,"The image is a screenshot of a video posted on a Facebook post. The post is about a meeting between two people, one of whom is holding a flag and the other is standing in front of a desk. The text on the post reads ""Se eu fosse a juiza perdoava so já. Já."" The post appears to be a conversation between the two people. The background of the image shows a courtroom with a wooden paneled wall and a logo of the United Nations on the left side.","screenshot,video,posted,facebook,post,about,meeting,between,people,whom,holding,flag,standing,desk,fosse"
lMbfn_DI068,Falcão traça em Angola 🇦🇴 (meme angolano),57,memes angolanos,2026-08-19T16:38:35,https://www.youtube.com/watch?v=lMbfn_DI068,"The image is a digital illustration of a character from the animated series, X-Men. The character is standing in front of a dark blue background with two birds flying in the sky above him. The main character is a white mask with a blue face and a purple suit with a white collar. The mask has a large X-shaped cutout in the center, which is the logo of the X-Force. The suit has a purple and black color scheme, with a purple collar and a black belt. The wings of the character are black and have a pointed tip. The overall mood of the image is ominous and menacing.","digital,illustration,character,animated,series,men,standing,dark,blue,birds,flying,sky,above,main,white"
wtnjItppa50,Memes Angolanos #2,15,memes angolanos,2026-08-19T16:38:35,https://www.youtube.com/watch?v=wtnjItppa50,"The image shows a person standing in front of a table with a large pile of colorful packets of food on it. The packets are arranged in a grid-like pattern and appear to be of different sizes and colors. The person is wearing a pink shirt and is holding the packets in their hands. The background is blurred, but it appears to be an indoor market or market stall. The text on the image reads ""Markets em angola parte 1"" which translates to ""markets in angola"" in English.","person,standing,table,large,pile,colorful,packets,food,arranged,grid,like,pattern,appear,different,sizes"
h1evrtRaRjk,"""O ANGOLANO...",60,memes angolanos,2026-08-19T16:38:35,https://www.youtube.com/watch?v=h1evrtRaRjk,"The image is a still from a TV show. It shows a close-up of a man's face, with a serious expression. He appears to be in his late twenties or early thirties. The background is blurred, but it seems to be a room with green walls and a window. The man is wearing a black shirt and has short black hair. In the center of the image, there is a text that reads ""Tá branco?"" which translates to ""The man is the only man in the world.""","still,show,close,man,face,serious,expression,appears,late,twenties,early,thirties,blurred,seems,room"
EQ_wjjfwEvk,ANGOLANO x PALAVRÕES...,60,memes angolanos,2026-08-19T16:38:35,https://www.youtube.com/watch?v=EQ_wjjfwEvk,"The image is a collage of three photos of a man and a woman. The man is wearing a green baseball cap with the logo of the Miami Heat on it. He is looking to the side with a serious expression on his face. The woman is also wearing a black baseball cap and has her hand on her chin. The background is blurred, but it appears to be a basketball court. The text on the image reads ""Teu pipito bem grande"" which translates to ""You pipito"" in English.","collage,three,photos,man,woman,wearing,green,baseball,cap,logo,miami,heat,looking,side,serious"
1fvNDNcUECI,ESSE PAÍS NÃO É PRA AMADORES | MEME #latestmeme #funnymemes #humor #angola,45,memes angolanos,2026-08-19T16:38:35,https://www.youtube.com/watch?v=1fvNDNcUECI,"The image shows a young boy standing in front of a white wall with multiple photographs hanging on it. He is wearing a pink shirt and blue pants and appears to be giving a presentation or lecture. The photographs are arranged in a grid-like pattern and are of different ages and ethnicities. The boy is gesturing with his hands as he speaks. The text on the image reads ""Gostaria de ter essa vontade de estudar"" which translates to ""Gestaria of the essence of estudars"" in English. The image is likely from a video or a news article.","young,boy,standing,white,wall,multiple,photographs,hanging,wearing,pink,shirt,blue,pants,appears,giving"
q9KSunjUmCA,PAIZINHO EP.4 DO BEIZZY 🔥🔥🔥🔥🇦🇴 #desenhoanimado #memes #angolano #angola #desenho #animação,25,memes angolanos,2026-08-19T16:38:35,https://www.youtube.com/watch?v=q9KSunjUmCA,"The image is a screenshot from a video game. It shows a group of four characters standing in front of a brick wall with graffiti on it. On the left side of the image, there is a woman with black hair and a surprised expression on her face. She is wearing a white tank top and black shorts. Next to her, there are two young men, one wearing a blue baseball cap and the other wearing a gray shirt. The man in the blue cap is holding a blue pen and appears to be explaining something to the other two characters. The background shows a blue sky and a body of water.","screenshot,video,game,group,four,characters,standing,brick,wall,graffiti,left,side,woman,black,hair"
nI1E23qCY7I,lady bug em Angola deu Ruim#gumball #engraçado #angola,22,memes angolanos,2026-08-19T16:38:35,https://www.youtube.com/watch?v=nI1E23qCY7I,"The image is a screenshot of a video posted on a mobile device. The video is titled ""Ladybug em Angola boneco angolano"" which translates to ""Ladybugs em Angola"" in English. The background of the video is a desert-like landscape with a concrete wall on the left side and a building on the right side. In the center of the screen, there is a cartoon image of a ladybug wearing a red and black polka dot dress and a blue mask. She is holding a gun in her right hand and appears to be walking away from the camera. The image is accompanied by a text overlay that","screenshot,video,posted,mobile,device,titled,ladybug,angola,boneco,angolano,translates,ladybugs,english,desert,like"
BOGmR_RQiik,Vídeo original dos angolanos discutindo | Angolanos discutindo na batalha de rima #shorts,30,memes angolanos,2026-08-19T16:38:35,https://www.youtube.com/watch?v=BOGmR_RQiik,"The image is a still from a video. It shows a person standing in front of a wooden fence, with their back to the camera. The person is wearing a black t-shirt and appears to be in a park or garden. The background is blurred, but it seems to be a wooded area with trees and greenery. In the center of the image, there is a text overlay that reads ""naculuduuuh"".","still,video,person,standing,wooden,fence,back,camera,wearing,black,shirt,appears,park,garden,blurred"
TaskVC5h9tQ,tudo sobre angola (memes angola),9,memes angolanos,2026-08-19T16:38:35,https://www.youtube.com/watch?v=TaskVC5h9tQ,"The image is a screenshot of a video call between two people. The person on the left is wearing a purple t-shirt with a logo on the front that reads ""Todo Sobre Angola"". The person in the middle is standing with their hands clasped together in front of them. They are looking directly at the camera with a serious expression on their face. The background is blurred, but it appears to be a room with a window and a door. At the bottom of the image, there is a text that says ""Angola"" in white letters.","screenshot,video,call,between,people,person,left,wearing,purple,shirt,logo,todo,sobre,angola,standing"
5fqxWoT1xd0,tudo sobre angola (memes angola),7,memes angolanos,2026-08-19T16:38:35,https://www.youtube.com/watch?v=5fqxWoT1xd0,"The image is a screenshot of a video call between two people. The video call is titled ""Tudo ao seu tempo"" which translates to ""Todo ao sem tempo"" in English. The background of the video call appears to be a hallway or corridor with a staircase on the right side. On the left side of the image, there is a black circle with the text ""TUDO SOGA"" in white letters. In the center of the circle, there are two images of two people, one wearing a white suit and the other wearing a black suit. The image appears to have been taken from","screenshot,video,call,between,people,titled,tudo,seu,tempo,translates,todo,sem,english,appears,hallway"
N0OYjNtrdos,tudo sobre angola (memes angola),13,memes angolanos,2026-08-19T16:38:35,https://www.youtube.com/watch?v=N0OYjNtrdos,"The image is a screenshot of a tweet from a Spanish news channel called ""Tudo Sobre Angola"". The tweet reads ""Eu Tentando Explicar A Minha Situação Financeira : Siga a Pagina"" which translates to ""Explicit a Minha Situationação Financeira"". The image shows a young boy, Tudo Sobrel Angola, speaking into a microphone. He is wearing a black suit and appears to be in a serious mood. The background is blurred, but it seems like he is in a conference or a meeting room.","screenshot,tweet,spanish,news,channel,called,tudo,sobre,angola,tentando,explicar,minha,situação,financeira,siga"
jtMCo3QvgwM,Melhores memes angola,16,memes angolanos,2026-08-19T16:38:35,https://www.youtube.com/watch?v=jtMCo3QvgwM,"The image is a screenshot of a video call between two people. On the left side of the image, there is a photo of a young woman with short black hair and a white shirt. She is looking directly at the camera with a serious expression on her face. The text on the image reads ""Se isso acontece contigo. Então não es a unica dele."" On the right side, there are two other people, one of whom appears to be a man and the other is a woman. The background is blurred, but it seems like they are in a room with a yellow wall. The","screenshot,video,call,between,people,left,side,photo,young,woman,short,black,hair,white,shirt"
iiSM9aZzS4A,As palavras na Angola são diferentes 🤣🤣  | BAPTISTA MIRANDA,59,memes angolanos,2026-08-19T16:38:35,https://www.youtube.com/watch?v=iiSM9aZzS4A,"The image is a close-up of a young African-American man's face. He is wearing a yellow and blue striped jersey with the word ""terque"" written across the chest. He has short black hair and is looking off to the side with a slight smile on his lips. The background is blurred, but it appears to be a TV screen with a red and yellow color scheme. The man's expression is one of joy and contentment.","close,young,african,american,man,face,wearing,yellow,blue,striped,jersey,word,terque,written,across"
NvAWb5lad4E,tudo sobre angola (memes angola),18,memes angolanos,2026-08-19T16:38:35,https://www.youtube.com/watch?v=NvAWb5lad4E,"The image shows a person standing on a stage with a microphone in front of them. The background is red and there is a large screen behind them with the text ""16 chamadas perdidas? desculpa, é q meu telefone está no silencio desde que comprei semprei"" written in white. The person appears to be performing a song or performance.","person,standing,stage,microphone,red,large,screen,behind,chamadas,perdidas,desculpa,meu,telefone,está,silencio"
kXTxHq9GQI4,Quem tem irmã vai entender😂 #humor #angola #brasil #memes #angolanos #viralvideo,25,memes angolanos,2026-08-19T16:38:35,https://www.youtube.com/watch?v=kXTxHq9GQI4,"The image is a collage of two photos. On the left side, there is a photo of a young woman walking down a hallway. She is wearing a black long-sleeved shirt and ripped blue jeans. She has long braided hair and is looking directly at the camera with a serious expression on her face. The hallway has a red chair and a white wall with a framed picture hanging on it. The floor is tiled and there are no other objects in the background.","collage,photos,left,side,photo,young,woman,walking,hallway,wearing,black,long,sleeved,shirt,ripped"
WJNcg2yc3n4,ANGOLANO É ASSIM PORQUÊ  ESSE ADOÇO ENTÃO #TIKTOK #ANGOLA #DANÇA #AFROHOUSE #2024,17,memes angolanos,2026-08-19T16:38:35,https://www.youtube.com/watch?v=WJNcg2yc3n4,"The image shows three young men in a hallway. They are all wearing backpacks and appear to be engaged in a physical altercation. The man on the left is wearing a red shirt and black pants, while the man in the middle is wearing black pants and a white t-shirt. The third man is standing in front of a whiteboard, and he is holding the other man's hand up in a defensive stance. The hallway has a beige wall and a wooden floor.","three,young,men,hallway,all,wearing,backpacks,appear,engaged,physical,altercation,man,left,red,shirt"
na2tcHr8V1k,#meme#meme italia 😂😂🤣#memesdaily #scuola #divertente #italia #meme #fun #memes #ridere #meme,5,meme,2026-08-19T16:37:59,https://www.youtube.com/watch?v=na2tcHr8V1k,"The image is a screenshot of a conversation between two characters from the animated TV show, The Simpsons. The conversation is taking place on a mobile phone screen. 

In the center of the screen, there is a cartoon of the character Homer Simpson holding a sign that reads ""Lavori per comparti la casa ma a casa non più piò stare perché sei sempre a lavoro"" which translates to ""Lavor a casas sei sei"" in English. Below the cartoon, there are two smaller images of the same character, one with long","screenshot,conversation,between,characters,animated,show,simpsons,taking,place,mobile,phone,screen,center,cartoon,character"
S85QZRl49ZM,MrBeast Rizz Meme vs Original | MrBeast Rizz Dance Meme,42,meme,2026-08-19T16:37:59,https://www.youtube.com/watch?v=S85QZRl49ZM,"The image is a split screen with two photos. On the left side, there is a photo of a man in a black long-sleeved shirt and pants, dancing on a stage with a green background. He is surrounded by dollar bills flying around him, creating a chaotic and energetic atmosphere. The text on the image reads ""MEME"" and ""ORIGINAL"". On the right side of the image, there are two photos of the same man, one in a blue shirt and the other in a purple shirt, dancing with their arms stretched out in front of them. The background is a gradient of blue and","split,screen,photos,left,side,photo,man,black,long,sleeved,shirt,pants,dancing,stage,green"
_BTG70Tp_5A,his fight styles #blacksouls #meme #relateable,6,meme,2026-08-19T16:37:59,https://www.youtube.com/watch?v=_BTG70Tp_5A,"The image is a collage of four different game protagonist styles. The first image on the top left shows a black and white image of a character with long hair and a sword. The second image in the top right shows a close-up of the character's face with a fierce expression. The third image is of a futuristic-looking character with a pink and purple light emanating from their mouth. The fourth image is from the bottom left shows the character MoonLight Greatsword, a character from the video game series, with a black background and a purple and pink gradient. The fifth image is in the center of the collage and","collage,four,different,game,protagonist,styles,first,left,black,white,character,long,hair,sword,second"
K9wHlPctOJM,Cave diving #meme #memes #shortvideo #shorts #funny #funnyvideo,10,meme,2026-08-19T16:37:59,https://www.youtube.com/watch?v=K9wHlPctOJM,"The image shows a person's feet and feet on a tiled floor. The person is wearing white flip-flops with the word ""3M"" written on them. The toes are slightly spread apart and the person's hands are resting on the ground. The background is blurred, but it appears to be an outdoor setting with trees and a blue sky. The text on the image reads ""Reason why women live longer.""","person,feet,tiled,floor,wearing,white,flip,flops,word,written,toes,slightly,spread,apart,hands"
MaaK3fOLBTo,Every viral meme sound effect | viral meme template | meme sound effects,15,meme,2026-08-19T16:37:59,https://www.youtube.com/watch?v=MaaK3fOLBTo,"The image is a graphical representation of the sound waves of a song in Hindi. The background is black and the text is written in white. The sound waves are arranged in a grid-like pattern, with each wave representing a different sound wave. 

The first wave is labeled ""Bhai Yaha Pe Kya Ho Raha Hai"" which translates to ""Bhai Yaha Ye Kya Yo Raha Hai"" in English. The second wave is titled ""Kaun"" and is colored in red, orange, yellow, green, blue, and purple. The third wave is labelled ""Gho G","graphical,representation,sound,waves,song,hindi,black,written,white,arranged,grid,like,pattern,each,wave"
kACuEIQuGnI,Ranking the Best Old Memes,43,meme,2026-08-19T16:37:59,https://www.youtube.com/watch?v=kACuEIQuGnI,"The image is a screenshot of a video call with a man in the center. The man is wearing a black hoodie and appears to be in his late twenties or early thirties. He has short black hair and is looking off to the side with a serious expression on his face. On the top left corner of the image, there is a list of old memes written in black text. The list includes 1. 2. Oh My God, 3. Heh, 4. Who are you, 5. Who is you.","screenshot,video,call,man,center,wearing,black,hoodie,appears,late,twenties,early,thirties,short,hair"
mYrT244Yqpg,🎥juniorcaldeirao #funnymoments #tentenaorir #engraçado #memes #humor #rir,29,meme,2026-08-19T16:37:59,https://www.youtube.com/watch?v=mYrT244Yqpg,"The image shows a young woman with long black hair and a bright orange face paint. She is wearing a red strapless dress with the word ""EU"" written on it in white letters. She has a necklace with a blue pendant and a gold chain around her neck. The woman is smiling and looking directly at the camera. In the background, there is another woman wearing a similar red dress and a yellow headdress. The scene appears to be taking place at night, as there are streetlights visible in the background.","young,woman,long,black,hair,bright,orange,face,paint,wearing,red,strapless,dress,word,written"
C995rmh_6pI,🧀오늘 나는 찌그러진 치즈볼이 될 거야 animation #meme #memes #shorts,14,meme,2026-08-19T16:37:59,https://www.youtube.com/watch?v=C995rmh_6pI,"The image is a digital illustration of a group of salmon fish on a green background. The salmon is in the center of the image, with its body facing towards the right side of the frame. It is orange in color and appears to be freshly caught. The background is a grid-like pattern of orange and black fish, with white question marks scattered throughout. Above the salmon, there is a text in Korean that translates to ""What is the difference?"" in English. The overall design is simple and cartoon-like.","digital,illustration,group,salmon,fish,green,center,body,facing,towards,right,side,frame,orange,color"
qVz---KOtPA,Top 5 Scariest Jumpscares #meme,54,meme,2026-08-19T16:37:59,https://www.youtube.com/watch?v=qVz---KOtPA,"The image is a collage of three photographs of a brown bear. The first photograph on the left shows the bear's head and neck, while the second photograph in the middle shows the same bear's body. The bear appears to be in profile, with its head turned slightly to the side and its mouth slightly open. The background is a plain white color. The image is taken from a side angle, with the bear facing towards the right side of the image.","collage,three,photographs,brown,bear,first,photograph,left,head,neck,while,second,same,body,appears"
koQf4EMr9lw,Ranking The Best Memes Recreated 🤔,50,meme,2026-08-19T16:37:59,https://www.youtube.com/watch?v=koQf4EMr9lw,"The image is a screenshot of a video call with a photo of a man's face in the center. The man is smiling and appears to be in his late 60s or early 70s. He has short grey hair and is wearing a black t-shirt. On the left side of the image, there is a list of the top 10 memes that have been recreated in 2008. The list is numbered from 2 to 5. The text on the image reads ""Ranking the best memes recreated"".","screenshot,video,call,photo,man,face,center,smiling,appears,late,early,short,grey,hair,wearing"
Wwp6qWIgq-I,oh Neymar oh Neymar #meme #shorts #video,6,meme,2026-08-19T16:37:59,https://www.youtube.com/watch?v=Wwp6qWIgq-I,"The image is a screenshot of a video call with a young man taking a selfie. He is wearing a blue beanie and a gray tank top with a skull design on it. The man is holding a blue phone in his right hand and is smiling at the camera. The background is a room with a floral wallpaper and a sign that reads ""Pov: ""Hole eu durmo cedo"" which translates to ""How to make a difference"" in English. The text on the image reads ""Eu as 3:00 da manhã"" which is Portuguese for ""How do you make a decision?""","screenshot,video,call,young,man,taking,selfie,wearing,blue,beanie,gray,tank,skull,design,holding"
4uhUEuLoPeE,"Every Version of ""White Chicks"" World Cup meme... (Messi, Yamal, Mbappe... )",59,meme,2026-08-19T16:37:59,https://www.youtube.com/watch?v=4uhUEuLoPeE,"The image is a collage of four different scenes from a movie or TV show. 

The first scene on the top left shows a man with long hair and a serious expression on his face. He appears to be in his late 40s or early 50s. He is wearing a white t-shirt and has a beard. The second scene in the top right shows a young child with dark hair and blue eyes, looking up at the sky with a surprised expression. The third scene in middle shows a blonde woman with long blonde hair, wearing a pink dress. The fourth scene at the bottom shows a police officer in","collage,four,different,scenes,movie,show,first,scene,left,man,long,hair,serious,expression,face"
6167i8trppM,we all have that one friend!! 🤣🤣. (4k memes),15,meme,2026-08-19T16:37:59,https://www.youtube.com/watch?v=6167i8trppM,"The image is a black and white line drawing of two people, a man and a woman, standing side by side. The man is on the left side of the image and the woman is in the center. They are both facing each other and appear to be in a conversation. The background is a light green color and the two people are drawn in a simple, cartoon-like style. The image is divided into two sections, with the left section on the right side and the bottom section in the middle. The lines are thin and precise, and the figures are drawn with simple lines. The overall mood of the illustration is one","black,white,line,drawing,people,man,woman,standing,side,left,center,both,facing,each,appear"
OELoOaN33ks,Funny goat video,10,meme,2026-08-19T16:37:59,https://www.youtube.com/watch?v=OELoOaN33ks,"The image is a close-up of a camel's face. The camel is standing in a fenced-in area with a tree in the background. Its mouth is open wide, showing its tongue, and it appears to be sticking out. Its eyes are closed, and its nose is slightly upturned. The image is taken from a side angle, looking up at the camel.","close,camel,face,standing,fenced,area,tree,mouth,open,wide,tongue,appears,sticking,eyes,closed"
WiT6i1rnAPk,TOM HOLLAND FUNNY 😅🤣 #meme #funny #laugh #viralvideo #memes #tomholland,11,meme,2026-08-19T16:37:59,https://www.youtube.com/watch?v=WiT6i1rnAPk,"The image is a screenshot of a post on Instagram. It shows three people sitting on a couch, smiling and looking at each other. The post is titled ""Save the tree, not the apples, 4th post"". Below the post, there is a text that reads ""Subscribe"". 

The post appears to be a post from a social media platform, as there are three images visible in the bottom right corner. The first image on the top left shows a black and white photo of a tree with a tree trunk and branches. The second image in the middle shows a close-up of the tree trunk. The third","screenshot,post,instagram,three,people,sitting,couch,smiling,looking,each,titled,save,tree,not,apples"
sQsC-ix8LEw,Memes Recreated 67 Kid 🔥 Then vs Now,34,meme,2026-08-19T16:37:59,https://www.youtube.com/watch?v=sQsC-ix8LEw,"The image is a collage of six photos arranged in a grid-like pattern. The top left photo shows a young boy with blonde hair and a big smile on his face. He is wearing a gray hoodie and appears to be in a park or outdoor area. The middle photo shows the boy's face with his mouth open wide and his eyes wide open, as if he is shouting or laughing. The bottom photo shows him with curly blonde hair, and the text ""2024"" and ""2025"" are overlaid on top of the photos. The background of the image is blurred, but it seems to be a","collage,six,photos,arranged,grid,like,pattern,left,photo,young,boy,blonde,hair,big,smile"
uqO3a1_yyVA,I'm an eagle meme from tiktok (bubby.._..babies memes),8,meme,2026-08-19T16:37:59,https://www.youtube.com/watch?v=uqO3a1_yyVA,"The image is a collage of two photos. The first photo on the left shows a close-up of a baby's face. The baby has a big smile and its eyes are wide open. It is holding its head with its front paws and its mouth is slightly open, as if it is about to say something. The background is a beige carpeted floor and a white door. The second photo in the middle shows the baby's head and upper body. Both photos appear to be taken in a room with a white wall and a window.","collage,photos,first,photo,left,close,baby,face,big,smile,eyes,wide,open,holding,head"
feV_8pDrP0w,INDIA - USA Cold War 🔥🤣 Funny Meme #tariffwar,10,meme,2026-08-19T16:37:59,https://www.youtube.com/watch?v=feV_8pDrP0w,"The image is a collage of three cartoon characters from the animated series ""India vs USA: Cold War"". The characters are standing in a forested area with trees and bushes in the background. On the left side of the image, there is a Native American man holding an American flag and a dog, who appears to be a soldier. The man is wearing a traditional Indian outfit and is holding a rifle. In the center, there are two dogs, one of which is standing on a tree stump and the other is standing next to a hippopotamus. The dog is also holding the Indian flag. The background shows a sunset","collage,three,cartoon,characters,animated,series,india,usa,cold,war,standing,forested,area,trees,bushes"
0qeRRh6inwo,Tom and Jerry rat dance those who know meme animated 😂😭 #memes #animated #shorts,13,meme,2026-08-19T16:37:59,https://www.youtube.com/watch?v=0qeRRh6inwo,"The image is a digital illustration of two bears in a dark room. The bears are facing each other and appear to be engaged in a fight. The bear on the left is wearing a blue suit and is holding a skull in its mouth. The other bear is standing on its hind legs and is facing the bear in the center of the image. The background is a plain grey wall with a window on the right side. The image is in black and white and has the words ""It's SharkBait"" written in the bottom right corner.","digital,illustration,bears,dark,room,facing,each,appear,engaged,fight,bear,left,wearing,blue,suit"
ekqJUWExsMM,Top 8 Miku #meme #miku #projectsekai #edit,23,meme,2026-08-19T16:37:59,https://www.youtube.com/watch?v=ekqJUWExsMM,"The image is a collage of three photos. The first photo on the left shows a person standing on a bed with their legs bent at the knees. The second photo in the middle shows a blue inflatable figure of a person with a white face and arms. The figure appears to be made of a soft, plush material and is standing on its hind legs with its arms stretched out to the sides. The third photo shows a bedside table with a yellow ball on it. The text on the image reads ""Legs Miku"" and there are three emojis below the figure.","collage,three,photos,first,photo,left,person,standing,bed,legs,bent,knees,second,blue,inflatable"
XNvMOZOM8tA,Ultimate Prom Proposal Standard! 👌😎✨ #meme #memes #funny #funnymemes #trendingmemes,6,meme,2026-08-19T16:37:59,https://www.youtube.com/watch?v=XNvMOZOM8tA,"The image is a screenshot of a Facebook post. The post is divided into three sections. 

The first section on the left shows a photo of a man holding a sign that reads ""10/10 for the sign, couldn't have asked for a better prom date."" The second section in the middle shows a group of people holding signs that say ""Yes, if this ""Standard Setting"" and ""Don't know what is"". The third section shows a woman sitting on a bench and smiling at the camera. The background shows a park or garden with trees and bushes.

At the bottom of the post, there","screenshot,facebook,post,divided,three,sections,first,section,left,photo,man,holding,sign,couldn,asked"
47fwFMJBKP4,The origins of popular meme sounds #16,46,meme,2026-08-19T16:37:59,https://www.youtube.com/watch?v=47fwFMJBKP4,"The image is a screenshot of a video call with a photo of a man laughing. The man is wearing a white t-shirt and has long dreadlocks. He is sitting in a chair with his eyes closed and his mouth open in a wide grin. The background is a room with a tiled wall and a window with a view of a city skyline. There is a speech bubble above the photo that reads ""The Origin of Meme Sounds.""","screenshot,video,call,photo,man,laughing,wearing,white,shirt,long,dreadlocks,sitting,chair,eyes,closed"
_hh_CY2qzIU,Moving like prime Betelgeuse 😭 #anime #meme #shorts,8,meme,2026-08-19T16:37:59,https://www.youtube.com/watch?v=_hh_CY2qzIU,"The image is a screenshot from a video game. It shows a scene from the game, where the player is in the middle of a battle. The player is wearing a long, dark red dress with a high neckline and long sleeves. The dress is flowing in the wind and has a pointed hat on top. The background is dark and there are a few people in the audience. The text on the image reads ""POV: How the KingChris' council is lowkenunlikely moving under every yt shorts to recruit new members.""","screenshot,video,game,scene,where,player,battle,wearing,long,dark,red,dress,high,neckline,sleeves"
kU0CjuUVQDw,Turboflex meme pt5 #shorts,13,meme,2026-08-19T16:37:59,https://www.youtube.com/watch?v=kU0CjuUVQDw,"The image is a collage of two photos. The first photo on the left shows a close-up of a wooden cutting board with a toothbrush resting on it. The toothbrush has a silver handle and a white bristled head. The bristles of the toothbrush are covered in red gummy bears, which appear to be freshly picked. The background of the image is blurred, but it appears to be a kitchen countertop. The text on the image reads ""Regular gummy bear"".","collage,photos,first,photo,left,close,wooden,cutting,board,toothbrush,resting,silver,handle,white,bristled"
8THneQH5Ap0,רודרי בא להחזיר את ליגת האלופות לברצלונה #football #כדורגל #barcelona #barca #rodri #שורטס #סרטוןקצר,52,barcelona,2026-08-19T16:36:28,https://www.youtube.com/watch?v=8THneQH5Ap0,"The image is a digital poster for the 2016 FIFA World Cup. It features a portrait of Lionel Messi, a professional soccer player for FC Barcelona, in the center. He is wearing the team's blue and red home kit with the number 6 on the back. The background is dark blue with a large trophy in the background. The trophy is surrounded by a crowd of spectators in the stands. The text on the poster reads ""FIFA 16"" in Hebrew, which translates to ""Football World Cup 2016"" in English. The poster also has the number ""6"" in the bottom right corner.","digital,poster,fifa,world,cup,features,portrait,lionel,messi,professional,soccer,player,barcelona,center,wearing"
S8vpcTwg8mo,BARCELONA 70 MİLYON EURO'NUN KARŞILIĞINI İSTİYOR ! #futbol #barcelona #lamineyamal,25,barcelona,2026-08-19T16:36:28,https://www.youtube.com/watch?v=S8vpcTwg8mo,"The image is a promotional poster for a soccer match between FC Barcelona and FC Barcelona. The background of the poster is black with yellow and red text that reads ""Barcelona 70 Mil Karsi"" which translates to ""70 Mil KARSi"" in English. On the right side of the image, there is a photo of Lionel Messi, a professional soccer player for FC Barcelona, wearing the team's home kit. He is standing in front of a stadium with the FC Barcelona logo on his jersey. The text on the poster reads ""SON DAKIKA FC Barcelona 70 MILYON'UN KARSIL","promotional,poster,soccer,match,between,barcelona,black,yellow,red,mil,karsi,translates,english,right,side"
eHlklUWM56s,Rodri says he had another option but #Barcelona was his first 👀 (via @fcbarcelona/TT),28,barcelona,2026-08-19T16:36:28,https://www.youtube.com/watch?v=eHlklUWM56s,"The image shows a young man standing behind a podium and speaking into a microphone. He is wearing a black suit and a white shirt. The background is blurred, but it appears to be a stage with a large screen behind him. On the screen, there is a text that reads ""that I had another option, as you say, but for me Barcelona"". The man seems to be giving a speech or presentation.","young,man,standing,behind,podium,speaking,microphone,wearing,black,suit,white,shirt,blurred,appears,stage"
JU_0oC1GTX4,⚔️ ¿Quién Ganará El Gran Partido? 😱 | Barcelona vs Atlético #barcelona #atleticomadrid #laliga,11,barcelona,2026-08-19T16:36:28,https://www.youtube.com/watch?v=JU_0oC1GTX4,"The image is a collage of three photos of a group of young girls sitting at a table with watermelon slices in front of them. The girls are wearing colorful clothes and are smiling at the camera. In the center of the image, there is a woman wearing a pink dress and holding up a sign that reads ""La Liga"" in Korean. Behind her, there are two other girls wearing red and white striped shirts and holding watermelons. The background is a dark blue wall with the FC Barcelona logo and the words ""0-0-01"" written on it.","collage,three,photos,group,young,girls,sitting,table,watermelon,slices,wearing,colorful,clothes,smiling,camera"
xwor8BmfpHA,Barcelona deu carro pra todos🤯☠️🔥,34,barcelona,2026-08-19T16:36:28,https://www.youtube.com/watch?v=xwor8BmfpHA,"The image is a collage of three photographs of a young man. The man is wearing a white Adidas t-shirt and has a big smile on his face. He is holding his head with his right hand and appears to be adjusting his hair. The background is blurred, but it seems to be an outdoor setting with a blue sky and a building in the distance. The photographs are taken from a low angle, with the man's face partially visible in the top left corner.","collage,three,photographs,young,man,wearing,white,adidas,shirt,big,smile,face,holding,head,right"
tTPlj0BG9iA,YAMAL CUMPRIU A PROMESSA! 😱🔥 #futebol #lamineyamal #barcelona,21,barcelona,2026-08-19T16:36:28,https://www.youtube.com/watch?v=tTPlj0BG9iA,"The image is a collage of three photos of Yamal Tem and Barbara Agora, two soccer players from Spain. The photos are arranged in a triangular formation, with the top left photo of the player on the left and the bottom right photo of him on the right. The background is blurred, but it appears to be a stadium with spectators in the stands.

In the center of the image, there is a yellow circle with a picture of a man with a beard and mustache, who is likely a player from the Spanish national team. He is wearing a red jersey with the number 19 on it and is cl","collage,three,photos,yamal,tem,barbara,agora,soccer,players,spain,arranged,triangular,formation,left,photo"
hYzUy2vMlBY,FIFA 27 | OFFICIAL FC BARCELONA PLAYER RATINGS IN FC 27! 😱🔥 #eafc #barcelona #lewandowski,23,barcelona,2026-08-19T16:36:28,https://www.youtube.com/watch?v=hYzUy2vMlBY,"The image is a screenshot of the official FIFA 21 player ratings card. The card is in the center of the image and has a black background with the logo of FC Barcelona on the top right corner. On the left side of the card, there is a yellow card with the number 87 on it. Below the card there are two images of the player's stats, one of which is De Jong, and the other of him is Dejong. The text on the card reads ""Official Player Ratings in FC 21"" and ""Help me reach 5000 subscribers!"" The card also has a red ""1"" button on the bottom right corner","screenshot,official,fifa,player,ratings,card,center,black,logo,barcelona,right,corner,left,side,yellow"
7o6KkKZL0go,LIVERPOOL VS BARCELONA: 1 VS 1 HISTÓRICO #liverpool #barcelona #championsleague,26,barcelona,2026-08-19T16:36:28,https://www.youtube.com/watch?v=7o6KkKZL0go,"The image is a screenshot from a video game. It shows a man in a red and black striped shirt standing in front of a soccer field. He is smiling and appears to be in a stadium. The man is holding a soccer ball in his right hand and is looking at the camera. On the left side of the image, there is a scoreboard with the score of 1-5, which is the match between LIV and BAR. The scoreboard shows that the match is between Liv and Bar, and the score is 1-0. The background shows a blue and red striped wall and a stadium with a large window.","screenshot,video,game,man,red,black,striped,shirt,standing,soccer,field,smiling,appears,stadium,holding"
Q6glD275tHM,MELHOR QUE YAMAL! NOVA JÓIA DO BARCELONA! 💎😳 #futebol,22,barcelona,2026-08-19T16:36:28,https://www.youtube.com/watch?v=Q6glD275tHM,"The image is a screenshot from a video game. It shows a young man, who appears to be a professional soccer player, holding a Barcelona FC jersey. He is wearing a black suit and has a big smile on his face. The background is blurred, but it seems like he is standing in a room with a blue and yellow color scheme. On the right side of the image, there is a red arrow pointing to the player's name, ""Fenomeno!"" which translates to ""FENOMENO!"" in English. The text on the image reads ""Bisiwu!"" which is a Spanish phrase meaning","screenshot,video,game,young,man,who,appears,professional,soccer,player,holding,barcelona,jersey,wearing,black"
9_uPXKQl9W4,Barcelona vs Real Madrid | Yamal Stuns Mbappé in El Clásico 🔥,60,barcelona,2026-08-19T16:36:28,https://www.youtube.com/watch?v=9_uPXKQl9W4,"The image is a screenshot from a soccer match between Real Madrid and Barcelona. It shows a referee and a player from the opposing team, Lionel Messi, kissing each other on the field. Messi is wearing a blue and red jersey with the number 2-3 on it, while the referee is wearing an orange shirt. The background shows a green field with the Real Madrid logo and the Barcelona FC logo on it. The image appears to be taken from a high angle, looking down on the two players.","screenshot,soccer,match,between,real,madrid,barcelona,referee,player,opposing,team,lionel,messi,kissing,each"
rnQ4tg0Ufn8,Barcelona’s Farewell to Rashford Was Something Else 🥹❤️💙,6,barcelona,2026-08-19T16:36:28,https://www.youtube.com/watch?v=rnQ4tg0Ufn8,"The image is a screenshot of a Twitter conversation between two people. The conversation is between two teams, FC Barcelona and Paris Saint-Germain, and the French club. The background of the image is blue with the logo of the French football club, FC FC Barcelona, on the left side.

In the center of the screenshot, there is a photo of two soccer players, one wearing a blue jersey and the other wearing a white jersey, smiling at the camera. The player in the photo is holding a French flag and the player in a black suit is standing in front of the club's logo. On the right","screenshot,twitter,conversation,between,people,teams,barcelona,paris,saint,germain,french,club,blue,logo,football"
fYcc79ubTxM,Kenapa Pemain Barcelona Memakai Mobil Mercedes G-Wagon?,35,barcelona,2026-08-19T16:36:28,https://www.youtube.com/watch?v=fYcc79ubTxM,"The image is a collage of three photos. The first photo on the top left shows a group of people standing on a street, with a car parked on the side of the road. The second photo in the middle shows a black jeep driving on the road, with the words ""MENGGUNAKAN"" written in yellow letters above it. The third photo shows a crowd of people gathered around a stone wall, with some people standing near it. All three photos appear to be taken in a public area, as there are buildings and trees visible in the background.","collage,three,photos,first,photo,left,group,people,standing,street,car,parked,side,road,second"
PCiJfiOoMSU,Barcelona Just BROKE a 100-Year Rule for Raphinha! 😳💀,32,barcelona,2026-08-19T16:36:28,https://www.youtube.com/watch?v=PCiJfiOoMSU,"The image is a collage of two photos of a man, Raphinha, who appears to be in a press conference. He is wearing a blue jacket with the logo of FC Barcelona on it and has a big smile on his face. The background is blurred, but it seems like he is sitting in front of a wall with various logos and text on it. The text on the image reads ""Raphinhha Changed Everything"" and there is a watermark in the bottom right corner.","collage,photos,man,raphinha,who,appears,press,conference,wearing,blue,jacket,logo,barcelona,big,smile"
xSjU2xnudWA,When Barcelona Ruled Europe... 👑💔 #football #messi #trending #viral #sad #shorts #ucl #barcelona,39,barcelona,2026-08-19T16:36:28,https://www.youtube.com/watch?v=xSjU2xnudWA,"The image shows a young man, Lionel Messi, holding up a large silver trophy with both hands. He is wearing a blue and red Barcelona FC jersey with the team's logo on it. He has a big smile on his face and appears to be celebrating with his arms raised in triumph. The background is dark, suggesting that the photo was taken at night.","young,man,lionel,messi,holding,large,silver,trophy,both,hands,wearing,blue,red,barcelona,jersey"
Knp2bS-yqjY,Barcelona da miedo 😨,40,barcelona,2026-08-19T16:36:28,https://www.youtube.com/watch?v=Knp2bS-yqjY,"The image is a collage of three photos. On the left side, there is a photo of a man wearing a red shirt with the logo of FC Barcelona on it. He is standing on a boat with a cloudy sky in the background. In the middle, there are three young men wearing red shirts with the team's logo on them. The man in the center is holding a yellow smiley face emoji with a sad expression. The text on the image reads ""How it started.""","collage,three,photos,left,side,photo,man,wearing,red,shirt,logo,barcelona,standing,boat,cloudy"
_-XRqh2ubfg,Hala Madrid Dance Celebration #arayfer #football #halamadrid #realmadrid #camavinga #vinicius,18,real madrid,2026-08-19T16:24:09,https://www.youtube.com/watch?v=_-XRqh2ubfg,"The image is a collage of three photos of a young woman in a room. She is wearing a black t-shirt with the words ""16th Birthday"" printed on it, black shorts, and white sneakers. She has long dark hair and is smiling at the camera. In the center of the image, there is a soccer ball on the floor. The woman is standing in front of a mirror and appears to be dancing or posing for the photo.","collage,three,photos,young,woman,room,wearing,black,shirt,words,birthday,printed,shorts,white,sneakers"
4eQy0GFHDBs,Los MEJORES MOMENTOS del entrenamiento del REAL MADRID: vuelve VINI y se estrena BERNARDO SILVA,55,real madrid,2026-08-19T16:24:09,https://www.youtube.com/watch?v=4eQy0GFHDBs,"The image shows a group of young men playing soccer on a field. They are wearing green jerseys with the logo of Real Madrid, a Spanish football club, on the front. The jerseys have the team's name and sponsor's name printed on them. The players are in the middle of a drill, with one player dribbling the ball towards the goal. The background shows a fence and trees, suggesting that the training session is taking place outdoors. The image also has a text overlay that reads ""Entrenamiento Real Madrid"" which translates to ""Entreamientos Real Madrid"".","group,young,men,playing,soccer,field,wearing,green,jerseys,logo,real,madrid,spanish,football,club"
ZxHNqwYzoeA,Real Madrid UCL Final 2017 🤍💙,10,real madrid,2026-08-19T16:24:09,https://www.youtube.com/watch?v=ZxHNqwYzoeA,"The image is a collage of three photos of a soccer team. The first photo on the left shows a player wearing a black jersey with the logo of the Spanish football club, Real Madrid, on it. The second photo in the middle shows the team's players from both teams, wearing purple jerseys with the Real Madrid logo on the front. The third photo shows the player in the center, Sergio Ramos, with his arms around his waist. The players are standing on the field, with a crowd of spectators in the background. The image appears to be taken during a match, as the players are posing for a photo.","collage,three,photos,soccer,team,first,photo,left,player,wearing,black,jersey,logo,spanish,football"
ggWGD04yfMI,Real Madrid 🤝 Mourinho #RealMadrid #Mourinho,48,real madrid,2026-08-19T16:21:32,https://www.youtube.com/watch?v=ggWGD04yfMI,"The image shows a group of men holding a white soccer jersey with the name ""Mourinho"" written on it. The jersey is being presented to the players by the coach, who is wearing a black suit and tie. The coach is standing behind the jersey, smiling and looking at it. In the background, there is a large silver trophy, which appears to be the UEFA Champions League trophy. The men are standing in front of a black background, and there are other players visible in the background.","group,men,holding,white,soccer,jersey,name,mourinho,written,presented,players,coach,who,wearing,black"
Gfu2FInu-mA,Real Madrid Jersey Evolution 👿😱#realmadrid #adidas,34,real madrid,2026-08-19T16:21:32,https://www.youtube.com/watch?v=Gfu2FInu-mA,"The image shows a mannequin wearing a long-sleeved shirt with a skull design on the front. The shirt appears to be made of a soft, textured fabric with a ruffled texture. The skull design is in the center of the shirt and is surrounded by a red circle with a black outline. The number ""1902"" is written in black below the skull. The background of the image is a dark, grungy wall with a red arrow pointing to the shirt.","mannequin,wearing,long,sleeved,shirt,skull,design,appears,made,soft,textured,fabric,ruffled,texture,center"
bPXqJIJVR24,Real Madrid and Barcelona Players Religion Revealed 😱🤩⚽️,35,real madrid,2026-08-19T16:21:32,https://www.youtube.com/watch?v=bPXqJIJVR24,"The image is a screenshot from a video game. It shows three players from the Spanish football club FC Barcelona, FC Barcelona and Real Madrid, standing in front of a blue background. On the left side of the image, there is a player from the club, wearing a black t-shirt with the word ""Muslim"" written on it. Next to him, there are two other players, one wearing a white hoodie and the other wearing a gray hoodie. The player in the white hoodies is holding a yellow cross, which is a symbol of Christianity. The image also has the text ""VS vs. Real Madrid","screenshot,video,game,three,players,spanish,football,club,barcelona,real,madrid,standing,blue,left,side"
xNhG0AYLJxo,🗣️ Meet Mourinho! #RealMadrid #RMCity,58,real madrid,2026-08-19T16:21:32,https://www.youtube.com/watch?v=xNhG0AYLJxo,"The image is a screenshot from a video interview. It shows a man in a suit and tie standing in front of a wall with several trophies hanging on it. The man appears to be in his late 60s or early 70s, with short white hair and a serious expression on his face. He is wearing a dark suit and a white shirt with a black tie. The text on the image reads ""Portuguese, tango que have to say"".","screenshot,video,interview,man,suit,tie,standing,wall,several,trophies,hanging,appears,late,early,short"
Q3sd9Hwz-84,"Highlights of Real Madrid vs atletico madrid 2-1 || alvarez, diaz, rodrigo",9,real madrid,2026-08-19T16:21:32,https://www.youtube.com/watch?v=Q3sd9Hwz-84,"The image is a collage of three different illustrations. The first illustration on the left shows a man wearing a suit and a mask with the logo of Real Madrid, a Spanish football club, on it. The second illustration in the middle shows a group of six men wearing suits and masks with the same logo. The third illustration shows a football club with the number 2-1 on it, representing the club's logo.

The fourth illustration shows the same man wearing the same mask, but with different facial expressions. The masks are arranged in a triangular formation, with the man in the center holding the flag of Atletico Madrid","collage,three,different,illustrations,first,illustration,left,man,wearing,suit,mask,logo,real,madrid,spanish"
8MmpYBQD1LY,¿Cómo le robó el Barça a Rodri al Real Madrid? 😳😰,31,real madrid,2026-08-19T16:21:32,https://www.youtube.com/watch?v=8MmpYBQD1LY,"The image is a collage of six photos. The first photo on the top left shows a man in a suit and tie holding up a Barcelona FC jersey with the number 2030 on it. The second photo in the top right shows a woman in a white dress and a man with a red and blue striped shirt. The third photo shows a group of people posing for a photo in front of a car. The fourth photo shows two men and a woman holding a soccer jersey. The fifth photo shows the man in the center holding the jersey with his name and number on it, and the sixth photo shows another man and a young","collage,six,photos,first,photo,left,man,suit,tie,holding,barcelona,jersey,number,second,right"
jzBbxLBlkPQ,🧐 Who's your celebrity lookalike? #RealMadrid,36,real madrid,2026-08-19T16:21:32,https://www.youtube.com/watch?v=jzBbxLBlkPQ,"The image is a collage of two photographs. The first photograph on the left shows a young man walking on a red carpeted floor. He is wearing a green t-shirt, grey shorts, and yellow soccer cleats. He has a big smile on his face and his arms are stretched out to the sides. The second photograph in the middle shows a person's hand reaching out towards the right side of the image. The background shows a white wall with a clock on it. The image appears to be taken in a modern building or a similar space.","collage,photographs,first,photograph,left,young,man,walking,red,carpeted,floor,wearing,green,shirt,grey"
DfCE1y1uDWg,Bayern Munich vs Real Madrid #realmadrid #madrid #trending #shorts #viral #mbappe #usa #football,12,real madrid,2026-08-19T16:21:32,https://www.youtube.com/watch?v=DfCE1y1uDWg,"The image is a collage of three photos. The first photo on the left shows a young man with red hair, wearing a blue jacket and white pants. He is standing on a street with trees and bushes on either side. The second photo in the middle shows a woman wearing a white t-shirt and blue jeans, holding a red stick in her hand. She is standing in front of a sign that reads ""FC Bayern Munich 0-0 Real Madrid"". The third photo shows the same young man, but with a different hairstyle and outfit. The background shows a city street with buildings and power lines.","collage,three,photos,first,photo,left,young,man,red,hair,wearing,blue,jacket,white,pants"
zlmt1pSQ0KQ,👉ASTON VILLA VS REAL MADRID — MATCH PICK 😱🔥🏆 #football #worldcup #usa,13,real madrid,2026-08-19T16:21:32,https://www.youtube.com/watch?v=zlmt1pSQ0KQ,"The image is a screenshot from a video game called Champions League. It shows a group of men standing in front of a large number of green bottles. The bottles are arranged in a pyramid-like structure, with the logo of the Champions League on the top left corner. The man in the center of the image is holding a bottle of green liquid, and there are three other bottles of the same liquid on the right side. The background shows a dirt field with a blue sky. The image also has a banner at the top that reads ""Champions League"" and a logo for the game. The date ""0-0""","screenshot,video,game,called,champions,league,group,men,standing,large,number,green,bottles,arranged,pyramid"
zAPtcNPAzng,Mourinho Rewinds Real Madrid Back to 2012 😂⏪,21,real madrid,2026-08-19T16:21:32,https://www.youtube.com/watch?v=zAPtcNPAzng,"The image is a collage of three photos. The first photo on the left shows Jose Mourinho, the former manager of Real Madrid, in the dressing room of the team. He is wearing a blue jacket and is holding a clock with the number 9 on it. The second photo in the middle shows a group of players from both teams, some of whom are clapping and cheering. The third photo is a close-up of Mourinho's face, with a serious expression on his face. The text on the image reads ""Back to 2012!!!"" in yellow letters. The background of the image is black, and the text is","collage,three,photos,first,photo,left,jose,mourinho,former,manager,real,madrid,dressing,room,team"
DZyuYYd7D0A,Real Madrid Players Singing Hala Madrid Song🤯,20,real madrid,2026-08-19T16:21:32,https://www.youtube.com/watch?v=DZyuYYd7D0A,"The image is a screenshot of a mobile phone screen with a cartoon image of a soccer player, Cristiano Ronaldo, holding a microphone and singing. He is wearing a white Real Madrid jersey with the number 15 on it. The background of the screen is black and there are several app icons on the top left corner, including the flag of Brazil, the national flag of the United States, and the flag for the European Union. On the top right corner, there is a text that reads ""12% 12%"". Below the text, there are two emojis, one with a smiley face and the other with a sad","screenshot,mobile,phone,screen,cartoon,soccer,player,cristiano,ronaldo,holding,microphone,singing,wearing,white,real"
Fz2yXTvcFxY,Perché il Real Madrid ha aspettato tre mesi per annunciare Mourinho? 😳😰,34,real madrid,2026-08-19T16:21:32,https://www.youtube.com/watch?v=Fz2yXTvcFxY,"The image is a collage of three photos. The first photo on the top left shows two men sitting at a table with a laptop and papers in front of them. The man on the left is signing a document with a pen and appears to be in the middle of a signing ceremony. The second photo in the top right shows a man holding a white shirt with the word ""Mourinho"" written on it. The third photo is a close-up of the man holding the shirt. The background is black and there are two large trophies on either side of the table. The trophies appear to be the UEFA Champions League trophy","collage,three,photos,first,photo,left,men,sitting,table,laptop,papers,man,signing,document,pen"
SmehiA547PA,Bom Mas Ruim #piadas,22,piadas,2026-08-16T21:57:08,https://www.youtube.com/watch?v=SmehiA547PA,"The image is a collage of two photographs of two men standing on a grassy field. The first photograph on the left shows a man wearing a yellow striped shirt and a straw hat, standing next to a small stream. He is holding a stick in his hand and appears to be explaining something to the other man. The second photograph in the middle shows the same man standing on the grass, but he is wearing a blue shirt and gray pants. The background shows a forested area with tall trees and a wooden fence. The sky is blue and the overall mood of the image is peaceful and serene.","collage,photographs,men,standing,grassy,field,first,photograph,left,man,wearing,yellow,striped,shirt,straw"
voDQDxKWT3o,"""Piada"" Toca Violão?   #  Piada criado por IA #veo3",8,piadas,2026-08-16T21:57:08,https://www.youtube.com/watch?v=voDQDxKWT3o,"The image is a collage of three photographs of an elderly man sitting on a bench. The man is wearing a straw hat and a blue shirt, and he is holding a cane in his right hand. He appears to be deep in thought, with a serious expression on his face. The background is blurred, but it seems to be an outdoor setting with trees and a clear blue sky. The photographs are taken from a low angle, with the man's face partially visible on the left side of the image.","collage,three,photographs,elderly,man,sitting,bench,wearing,straw,hat,blue,shirt,holding,cane,right"
BDzjJSSDxIg,SÓ PIADAS TOP?? KKKKKK - DUELO DE PIADAS - COMPILADO,43,piadas,2026-08-16T21:57:08,https://www.youtube.com/watch?v=BDzjJSSDxIg,"The image is a screenshot from a video posted on YouTube. It shows a young man in a yellow t-shirt, holding a slice of bread in his hand and laughing. He appears to be in a backyard with a brick wall and a fence in the background. The text on the image reads ""Levou dinheiro"" which translates to ""You don't know what to do with bread"".","screenshot,video,posted,youtube,young,man,yellow,shirt,holding,slice,bread,hand,laughing,appears,backyard"
G_H-cOm-DxI,QUEM RIR JÁ SABE NÉ??,51,piadas,2026-08-16T21:57:08,https://www.youtube.com/watch?v=G_H-cOm-DxI,"The image is a still from a TV show. It shows a man wearing a colorful shirt and a brown hat. He has a beard and is looking directly at the camera with a serious expression. The background is dark and there is a blue light shining on the man. The text on the image reads ""Falou Pro Fanho: FAO HO:"".","still,show,man,wearing,colorful,shirt,brown,hat,beard,looking,directly,camera,serious,expression,dark"
mHB1ziMs9zI,Esse povo Gosta de Ri?  #43  Piada criado Por IA,8,piadas,2026-08-16T21:57:08,https://www.youtube.com/watch?v=mHB1ziMs9zI,"The image is a collage of three photographs of an elderly man sitting on a wooden bench. The man is wearing a blue Hawaiian shirt and a straw hat, and is smiling at the camera. He is holding a cane in his right hand and appears to be in his left hand. The background of the photographs is a brick wall, and there is a wooden door on the right side of the image. The photographs are taken from a low angle, and the man's face is visible on the left side.","collage,three,photographs,elderly,man,sitting,wooden,bench,wearing,blue,hawaiian,shirt,straw,hat,smiling"
J2ONYkpzZRA,CONCORDA COM ELE? 😂 #memes #engraçado #piadas #noticias #politica #governo,10,piadas,2026-08-16T21:57:08,https://www.youtube.com/watch?v=J2ONYkpzZRA,"The image is a collage of three photos. The first photo on the top left shows a young man wearing a green vest with the text ""O Brasil! Porque o diablo foi expulso do ceu?"" which translates to ""O Brazil! Porqué o diabo foi expuoso do ceú?"" in English. The second photo in the middle shows a man with a beard and glasses, wearing a black jacket and holding a green phone. The third photo is a close-up of the man's face, with his mouth open and his eyes closed. The background is blurred, but","collage,three,photos,first,photo,left,young,man,wearing,green,vest,brasil,porque,diablo,foi"
M1Gk5ZjXcco,TIPOS DE ALUNOS QUANDO O PROFESSOR CONTA UMA PIADA 😂,44,piadas,2026-08-16T21:57:08,https://www.youtube.com/watch?v=M1Gk5ZjXcco,"The image is a collage of two photos. In the first photo, there is a person wearing a grey hoodie with the word ""Mule"" written on it. The person is standing in front of a green bulletin board with numbers and letters on it, and they are looking directly at the camera with a serious expression on their face. The background is a plain white wall.","collage,photos,first,photo,person,wearing,grey,hoodie,word,mule,written,standing,green,bulletin,board"
15g0Zl64NwY,Aluno que arrisca o ano letivo pra fazer toda turma Rir (Justo Décimo),26,piadas,2026-08-16T21:54:26,https://www.youtube.com/watch?v=15g0Zl64NwY,The image shows a classroom with a teacher standing in front of a group of students. The teacher is wearing a blue shirt and shorts and is holding a red folder in her hand. The students are sitting at desks and are attentively listening to the teacher. The classroom has a whiteboard and a bulletin board on the wall. The floor is made of wood and there is a window on the right side of the image. The image appears to be a cartoon or illustration.,"classroom,teacher,standing,group,students,wearing,blue,shirt,shorts,holding,red,folder,hand,sitting,desks"
kqQ4FQcSt7E,Piadas de Mocambique!!! Muita risada ate se mijar,30,piadas,2026-08-16T21:54:26,https://www.youtube.com/watch?v=kqQ4FQcSt7E,"The image shows an elderly African man holding a microphone and speaking to a reporter. He is wearing a white shirt and appears to be in a rural area with dry grass and bushes in the background. The reporter is holding the microphone in his right hand and is gesturing with his left hand as he speaks. Behind him, there is another man standing and looking at the camera. The image appears to have been taken during the day.","elderly,african,man,holding,microphone,speaking,reporter,wearing,white,shirt,appears,rural,area,dry,grass"
qaWo1420ew4,De onde ela tirou isso? #humor #piadascurtas #comedia #piadasrapidas,16,piadas,2026-08-16T21:54:26,https://www.youtube.com/watch?v=qaWo1420ew4,"The image is a collage of three photos of a family sitting on a couch. The first photo on the left shows a young girl with a red bow in her hair, sitting on the couch with her mother and father. The second photo in the middle shows a man and a woman sitting on their couch, with the man holding a cup of coffee and the woman holding a phone. The third photo shows the man and the two children sitting close together, looking at each other. The man is wearing a white t-shirt and shorts, while the woman and the children are wearing casual clothes. The background is a plain white wall","collage,three,photos,family,sitting,couch,first,photo,left,young,girl,red,bow,hair,mother"
MWMzw0xNcVk,Pode não ter feito de propósito #piadas #engraçadas #piadasruins #curtas #enigmas #humor @Pera Toons,15,piadas,2026-08-16T21:54:26,https://www.youtube.com/watch?v=MWMzw0xNcVk,"The image is a cartoon illustration of three people standing in front of a blue background with the word ""ME"" written in white capital letters. The person on the left is a young girl with blonde hair, wearing a pink shirt and blue jeans. She is standing with her arms around the other two people, who are also wearing casual clothes. The boy on the right is a boy with gray hair and a yellow shirt. They are standing close together and appear to be looking at each other with a sad expression on their faces. The background is a gray wall.","cartoon,illustration,three,people,standing,blue,word,written,white,capital,letters,person,left,young,girl"
6tLWP-66H1s,QUEM FAZ O PIERRE RIR??? QUE PIADA É ESSA??? DUELO DE PIADAS,40,piadas,2026-08-16T21:54:26,https://www.youtube.com/watch?v=6tLWP-66H1s,"The image is a collage of three photos. The first photo on the left shows a woman wearing a red floral shirt and denim shorts, holding a blue toy gun. The second photo in the middle shows a young man wearing a black t-shirt and shorts, sitting on a brick wall. He is holding the gun with both hands and appears to be in the process of firing it. The third photo shows the man and woman standing next to each other, with the man holding the toy gun and the woman holding it up in the air. The background shows a garden with trees and bushes. The text on the image reads ""","collage,three,photos,first,photo,left,woman,wearing,red,floral,shirt,denim,shorts,holding,blue"
pZw2mjsGKnA,Ciência de Dados,60,ciencia de dados,2026-08-16T21:54:11,https://www.youtube.com/watch?v=pZw2mjsGKnA,"The image is a logo for a company called ""Dicas da Profa. Malú"". The logo is a simple design with a white background and black text. On the left side of the logo, there is a text that reads ""De um like compartilhe comente"" which translates to ""Compartilhile"" in English. Below the text, there are two lines of text that read ""DICAS DA PROFA. MALÚ"" in Portuguese. The text is written in a modern sans-serif font and is centered on the image. The logo also has a yellow arrow","logo,company,called,dicas,profa,malú,simple,design,white,black,left,side,like,compartilhe,comente"
OJnePABs6f8,O que eu faço como um analista de dados?,57,ciencia de dados,2026-08-16T21:54:11,https://www.youtube.com/watch?v=OJnePABs6f8,"The image is a screenshot of a video call between two young men. On the left side of the image, there is a young man holding up a video camera with a smile on his face. He is wearing a pink tank top and appears to be in a room with a computer monitor in the background. The man on the right side is looking directly at the camera with his mouth slightly open. He has short blonde hair and is wearing dark hair. The background is blurred, but it seems like he is in a living room or a bedroom.","screenshot,video,call,between,young,men,left,side,man,holding,camera,smile,face,wearing,pink"
eWfK7sB4wng,Ciência de dados pode não ser para você! #cienciadedados  #carreiradev,27,ciencia de dados,2026-08-16T21:54:11,https://www.youtube.com/watch?v=eWfK7sB4wng,"The image is a screenshot from a TV show. It shows a young woman sitting on a chair in a dimly lit room. She is wearing a green blouse and has long dark hair. She appears to be speaking into a microphone and is gesturing with her hands as she speaks. There is a text overlay on the image that reads ""que vai"" which translates to ""I love you"" in English.","screenshot,show,young,woman,sitting,chair,dimly,lit,room,wearing,green,blouse,long,dark,hair"
giXv1-fDg_I,A DIFICULDADE da CIÊNCIA de DADOS,24,ciencia de dados,2026-08-16T21:37:58,https://www.youtube.com/watch?v=giXv1-fDg_I,"The image is a collage of two photos. On the left side, there is a man sitting at a table with a microphone in front of him. He is wearing a black t-shirt and glasses and is smiling at the camera. He appears to be in a recording studio or a radio studio. The background is dark and there are two cans of beer on the table. The man is holding a can of beer in his right hand and is looking at the microphone with a slight smile on his face.","collage,photos,left,side,man,sitting,table,microphone,wearing,black,shirt,glasses,smiling,camera,appears"
__W6DwW8mXA,"QUERO SER CIENTISTA DE DADOS, É FÁCIL?",17,ciencia de dados,2026-08-16T21:37:58,https://www.youtube.com/watch?v=__W6DwW8mXA,"The image is a collage of three photos. The first photo on the top left shows a man lying on a black trampoline with his arms stretched out to the sides. He is wearing a yellow t-shirt and blue shorts. The second photo in the middle shows the same man lying down on the trampolines. The third photo shows him lying on his back with his head resting on his hands. The text on the image reads ""Banco de Dados"" which translates to ""Banjo de Dad's"" in English. The image appears to be a screenshot from a video posted on Instagram.","collage,three,photos,first,photo,left,man,lying,black,trampoline,arms,stretched,sides,wearing,yellow"
MUDeMdHeudw,Você é Analista de Dados? Qual a sua média salarial?,58,ciencia de dados,2026-08-16T21:37:58,https://www.youtube.com/watch?v=MUDeMdHeudw,"The image is a collage of three photos. The first photo on the left shows a person standing on a sidewalk with palm trees in the background. The second photo in the middle shows a woman with long dreadlocks standing in front of a tall building. She is wearing a black jacket and grey pants. The third photo is a close-up of the woman's face and upper body. The text ""exemplo"" is overlaid on the image.","collage,three,photos,first,photo,left,person,standing,sidewalk,palm,trees,second,woman,long,dreadlocks"
GDkVq42LN7w,Estudia Data Science desde cero,17,ciencia de dados,2026-08-16T21:37:58,https://www.youtube.com/watch?v=GDkVq42LN7w,"The image is a screenshot from a video game. It shows a man with a beard and a white t-shirt sitting in a room with a blue light shining on him. He is holding a remote control in his hand and appears to be in the middle of a conversation. The text on the image reads ""¿Quieres aprender data science? Gratis, desde cero en español"" which translates to ""What is data science?"" in English. There are also several buttons on the right side of the image, including ""Ratis"", ""Anol"", and ""Desde Cero"".","screenshot,video,game,man,beard,white,shirt,sitting,room,blue,light,shining,holding,remote,control"
Ix7KmAfl3Zg,3 DICAS PRIMEIRO EMPREGO | CIENTISTA DE DADOS,35,ciencia de dados,2026-08-16T21:37:58,https://www.youtube.com/watch?v=Ix7KmAfl3Zg,"The image is a screenshot from a video call. It shows a young woman sitting in front of a bookshelf. She is wearing a white tank top and glasses and has long brown hair. She has a serious expression on her face and is gesturing with her hands as if she is making a point or making a statement. Behind her, there is a sign that reads ""We are a life you are not alone"" and a small statue of a lion. The background is dark and there are bookshelves on either side of the woman.","screenshot,video,call,young,woman,sitting,bookshelf,wearing,white,tank,glasses,long,brown,hair,serious"
kz7Q0zsWrds,¿Los de ciencia de datos se forran? #salario #preguntasenlacalle #dinero #trabajo #economía #trabajo,32,ciencia de dados,2026-08-16T21:37:58,https://www.youtube.com/watch?v=kz7Q0zsWrds,"The image is a collage of three photos. The first photo on the left shows a young man wearing a white t-shirt with a gold dollar sign on it. He is standing in front of a white wall with graffiti on it and appears to be speaking into a microphone. The second photo in the middle shows the same young man, but with a black backpack on his back. The third photo shows the man walking on the street with a smile on his face. The text on the image reads ""32,000€ CADA"" which translates to ""32 million dollars CADA"".","collage,three,photos,first,photo,left,young,man,wearing,white,shirt,gold,dollar,sign,standing"
Oeh1xU4igJM,اهم #وظيفة ←#machinelearning,52,machine learning,2026-08-16T21:37:09,https://www.youtube.com/watch?v=Oeh1xU4igJM,"The image is a screenshot from a video interview. It shows a man with a bald head and glasses, wearing a black t-shirt, standing in front of a brick wall with graffiti on it. He appears to be speaking into a microphone and has a serious expression on his face. The text on the image is written in Arabic and translates to ""I am a Muslim"" in English. There are also two smaller text boxes on either side of the man's face, one with Arabic text and the other with Arabic characters. The background is dark and the overall mood of the image seems to be serious and focused.","screenshot,video,interview,man,bald,head,glasses,wearing,black,shirt,standing,brick,wall,graffiti,appears"
-6HglSuzkkQ,Machine Learning Rápido: Aprenda Sem Saber Programar!,48,machine learning,2026-08-16T21:36:52,https://www.youtube.com/watch?v=-6HglSuzkkQ,"The image is a screenshot of a video call with a man in the center. The man is wearing a black shirt and has dark hair and glasses. He is smiling and has his hand on his chin, as if he is deep in thought. On the left side of the image, there is a window with various editing tools and options. At the bottom of the window, there are two buttons - ""FICAR IDENTICO AX"" and ""X"".","screenshot,video,call,man,center,wearing,black,shirt,dark,hair,glasses,smiling,hand,chin,deep"
JxTezpfxZIQ,Testing the new machine #machinery #machines #machinelearning,11,machine learning,2026-08-16T21:36:52,https://www.youtube.com/watch?v=JxTezpfxZIQ,"The image is a collage of three photos. The first photo on the left shows a man standing in front of a pile of leaves and branches. He is wearing a white shirt and black pants and is holding a fire extinguisher in his hand. The second photo in the middle shows a blue and red portable generator with a red and blue cover. The generator is on a dirt path in a forested area. The background shows trees and bushes. The third photo is taken from a low angle, looking up at the man and the generator.","collage,three,photos,first,photo,left,man,standing,pile,leaves,branches,wearing,white,shirt,black"
sbmPMtQkjxY,Machine Learning Full Course #education #ai #ml #python #dataanalysis #datascience,6,machine learning,2026-08-16T21:36:52,https://www.youtube.com/watch?v=sbmPMtQkjxY,"The image is a table that lists the main courses offered by Machine Learning. The table is titled ""Machine Learning Full Course"" and has a title at the top that reads ""Beginner - Advanced"". Below the title, there is a list of courses that are written in different colors and sizes. 

The courses are arranged in a table format with columns for each course. The first course is ""Linea Data Outline"", followed by ""Sup"", ""Class"", ""SVM"", ""Mode"", ""Uns"", ""Clust"", ""Dime"", ""Advance"", ""Ener"", ""XGB"",","table,lists,main,courses,offered,machine,learning,titled,full,course,title,beginner,advanced,below,list"
2sSAWLqbHuI,Isso o deixou sem palavras#piadas #engraçadas #piadasruins #curtas #enigmas #humor @Pera Toons,21,piadas,2026-08-16T21:34:45,https://www.youtube.com/watch?v=2sSAWLqbHuI,"The image is a cartoon illustration of a father and son. The father is standing with his arms around the son's waist. He is bald and wearing a brown sweater and blue jeans. The son is standing next to him with a big smile on his face. The background is white and there is text above the father that reads ""Papaí quero me casar."" The text is in Spanish and translates to ""Father's Day"" in English.","cartoon,illustration,father,son,standing,arms,around,waist,bald,wearing,brown,sweater,blue,jeans,next"
MFJmhZbeOHQ,Você não vai acreditar no que esse mosquito fez! Prepare-se para uma risada garantida!,20,piadas,2026-08-16T21:34:45,https://www.youtube.com/watch?v=MFJmhZbeOHQ,"The image is a collage of two photographs. The first photograph on the left shows a cartoon insect with big, round eyes and a big mouth. The insect is standing on its hind legs with its wings spread out. It appears to be in a park or garden with trees and benches in the background. The second photograph in the middle shows the insect with its mouth open, as if it is shouting or shouting. The background is blurred, but it seems to be a wooded area with greenery. The overall mood of the image is playful and whimsical.","collage,photographs,first,photograph,left,cartoon,insect,big,round,eyes,mouth,standing,hind,legs,wings"
o60cuAOs-3Q,A PIADA DO PAPELZINHO,51,piadas,2026-08-16T21:34:45,https://www.youtube.com/watch?v=o60cuAOs-3Q,"The image shows a stage with a man standing on it. He is wearing a black t-shirt and jeans and is holding a microphone in his hand. Behind him, there is a young boy wearing a white jacket and orange pants. The stage is decorated with a colorful banner that reads ""Flop Comedy"" and there are people sitting in front of the stage, watching the performance. The image appears to be taken at a music festival or event.","stage,man,standing,wearing,black,shirt,jeans,holding,microphone,hand,behind,young,boy,white,jacket"
tu71Yj8r_sw,Pra quem pedia piadas de show ao vivo aí está uma! #aovivo #piada # #tubinho #comedia #humor,34,piadas,2026-08-16T21:34:45,https://www.youtube.com/watch?v=tu71Yj8r_sw,"The image shows a man standing on a stage with a microphone in his hand. He is wearing a black top hat, a blue and white checkered shirt, and an orange tie. He has a big smile on his face and is holding the microphone with both hands. Behind him, there is a brick wall with the words ""Black House"" written in neon pink letters. The man appears to be giving a speech or presentation.","man,standing,stage,microphone,hand,wearing,black,hat,blue,white,checkered,shirt,orange,tie,big"
BR0R-JdBcfw,seu lunga no bar (piada),22,piadas,2026-08-16T21:34:45,https://www.youtube.com/watch?v=BR0R-JdBcfw,"The image is a cartoon illustration of a small brick building with a sign that reads ""Zé da Budega"" (meaning ""Budega"" in English) in Spanish. The building appears to be a small, dilapidated structure with a sloping roof and a small window on the right side. On the left side of the building, there is a man with a surprised expression on his face, pointing at the sign with his finger. He is wearing a blue shirt and jeans and is standing in front of the window. The background is a desert-like landscape with sand dunes. The overall mood of the image","cartoon,illustration,small,brick,building,sign,budega,meaning,english,spanish,appears,dilapidated,structure,sloping,roof"
gBBT7LraYJ8,a piada MAIS ENGRAÇADA do MUNDO,60,piadas,2026-08-16T21:34:45,https://www.youtube.com/watch?v=gBBT7LraYJ8,"The image is a digital illustration of three characters from a video game. The characters are standing in a forest-like setting with trees and bushes in the background. On the left side of the image, there is a character wearing a green jacket and a brown hat, holding a gun and pointing it towards the right side. The character on the left is wearing a red hat and a green shirt, and is holding a rifle. In the center, there are two characters, one wearing a yellow hat and the other wearing a blue shirt and green pants. The background is white, and there is text in Spanish that translates to ""The","digital,illustration,three,characters,video,game,standing,forest,like,setting,trees,bushes,left,side,character"
StHkofD0gBM,A noite de San Lorenzo se aproxima #piadas #engraçadas #piadasruins #curtas #enigmas #humor,11,piadas,2026-08-16T21:34:45,https://www.youtube.com/watch?v=StHkofD0gBM,"The image is a cartoon illustration of a family of three - a man, a woman, and a baby - lying on a yellow blanket on a beach. The man is lying on his back with his head resting on the baby's chest, while the woman is lying next to him with her arms around the baby. The baby is wearing a green shirt and blue pants. The background is a sandy beach with a blue sky and white clouds. The word ""FACA"" is written in blue at the top of the image.","cartoon,illustration,family,three,man,woman,baby,lying,yellow,blanket,beach,back,head,resting,chest"
Ox08gV_n3_M,NÃO CONSEGUEM VER UM GURI! #humor #futebol #piadas #humor,31,piadas,2026-08-16T21:34:45,https://www.youtube.com/watch?v=Ox08gV_n3_M,"The image is a collage of three photos of a young man with curly hair and a beard. He is wearing a black collared shirt and appears to be in a room with a blue sky and a red curtain in the background. The man is smiling widely and his mouth is open, as if he is laughing or laughing. His hands are covering his ears with his fingers, and he has a tattoo on his left arm. The image appears to have been taken from a high angle, with the man's face partially visible in the top left corner.","collage,three,photos,young,man,curly,hair,beard,wearing,black,collared,shirt,appears,room,blue"
NRQSmuwoxpU,🤣PERDEU PASSA TUDO 🫵🏾 #piadasrapidas #piadas #comedia#memes #umorismo#shortsfeed,11,piadas,2026-08-16T21:34:45,https://www.youtube.com/watch?v=NRQSmuwoxpU,"The image is a still from a TV show. It shows three men standing in a dimly lit room with industrial machinery in the background. The man in the center is wearing a black hoodie and has a serious expression on his face. He appears to be engaged in a conversation with the other two men. The other two are wearing casual clothes, one wearing a white t-shirt and the other wearing a gray hoodie. The overall mood of the image is tense and tense.","still,show,three,men,standing,dimly,lit,room,industrial,machinery,man,center,wearing,black,hoodie"
0_2Qo7nqvYc,Eu com 12 ANOS me sentindo HACKER 👨‍💻 #programador #desenvolvedor #programação,13,programacao,2026-08-16T21:19:12,https://www.youtube.com/watch?v=0_2Qo7nqvYc,"The image shows a screenshot of a code editor with multiple code snippets. The code snippets are written in blue text on a dark blue background. The main focus of the image is a code snippet that shows the code snippet in a programming language. The text is written in a simple, sans-serif font and is centered on the screen. 

There are several lines of code visible in the image, including ""table cell"", ""table name"", ""hidden"", ""name"", ""password"", ""class"", ""input"", ""pad"", ""placeholder"", ""value"", and ""pass"". The code snippet appears to be","screenshot,code,editor,multiple,snippets,written,blue,dark,main,focus,snippet,programming,language,simple,sans"
jS6HNFRcQIk,Qual curso fazer para se tornar programador? #programacao,59,programacao,2026-08-16T21:19:12,https://www.youtube.com/watch?v=jS6HNFRcQIk,"The image is a screenshot of a video call between two men. The man on the left is a young man with a beard and mustache, wearing a black shirt. He is pointing his finger towards the camera with a serious expression on his face. On the right side of the image, there is a text message in Spanish that reads ""Qual o curso vc aconseilha a fazer hoje? Quero começar um mas n sei qual fazer"" which translates to ""How to use a fazer hojes? Querro começõar um más n","screenshot,video,call,between,men,man,left,young,beard,mustache,wearing,black,shirt,pointing,finger"
FMytJ1aHtX0,lógica de programação para mamacos #programação #programador #animação,49,programacao,2026-08-16T21:18:34,https://www.youtube.com/watch?v=FMytJ1aHtX0,"The image is a cartoon illustration of a monkey with a thought bubble above its head. The monkey is holding a piece of paper with the text ""A quantidad"" written on it. Above the monkey, there is a yellow banana with a gray cloud above it, representing the idea of thinking. The background is a light beige color, and there are two black clouds on either side of the monkey. The overall mood of the image is one of confusion or uncertainty.","cartoon,illustration,monkey,thought,bubble,above,head,holding,piece,paper,quantidad,written,yellow,banana,gray"
KtNVXs4Z5S0,TENTEI APRENDER PROGRAMAÇÃO DO ZERO,21,programacao,2026-08-16T21:18:34,https://www.youtube.com/watch?v=KtNVXs4Z5S0,"The image shows a person's hand typing on a laptop keyboard in front of multiple computer screens. The screens are displaying code in various colors and styles. The text on the screens reads ""DO-ZERO"" which is a reference to the programming language ""Do Zero"". The background of the image is a dark room with a white wall and a window. The image appears to be taken in a dimly lit room.","person,hand,typing,laptop,keyboard,multiple,computer,screens,displaying,code,various,colors,styles,zero,reference"
6adF_5EueLw,VALE A PENA ESTUDAR PROGRAMAÇÃO EM 2025?! | #shorts #flowpodcast #programação #tech,46,programacao,2026-08-16T21:18:34,https://www.youtube.com/watch?v=6adF_5EueLw,"The image is a screenshot from a video interview. It shows a man sitting in front of a microphone with a serious expression on his face. He is wearing a black t-shirt with a graphic of a cat on it and glasses. The text on the image reads ""Vale a pena estudar programação?"" which translates to ""What is the name of the program?"" in English. The background is blurred, but it appears to be a room with a wooden panel and a window.","screenshot,video,interview,man,sitting,microphone,serious,expression,face,wearing,black,shirt,graphic,cat,glasses"
u0FNR39IC_k,Quer saber o que faz um programador Júnior? 💻 #tecnologia #programacao #devmedia,39,programacao,2026-08-16T21:18:34,https://www.youtube.com/watch?v=u0FNR39IC_k,"The image is a screenshot from a video call. It shows two men sitting in front of a computer monitor in an office. The man on the left is wearing a blue t-shirt and glasses and is speaking into a microphone. He appears to be explaining something to the other man. The text on the image reads ""O que faz um programador junior?"" which translates to ""How to use a program for junior?"" in English. The background of the image shows a desk with multiple computer monitors and a computer keyboard.","screenshot,video,call,men,sitting,computer,monitor,office,man,left,wearing,blue,shirt,glasses,speaking"
Ou7ZJjA7OkY,Linguagens compiladas e interpretadas #desenvolvedores #programacao,29,programacao,2026-08-16T21:18:34,https://www.youtube.com/watch?v=Ou7ZJjA7OkY,"The image shows a close-up of a wooden door with various app icons on it. On the left side of the door, there is a blue circle with a white letter ""C"" in the center, representing the logo of the app ""Compiladas"". On the right side, there are several smaller icons scattered around the door. The background is a light brown color, and the door appears to be made of wood. A person's hand is visible in the bottom right corner of the image, holding a small blue sticker with the letter ""c"" on it, which is likely the logo for the app.","close,wooden,door,various,app,icons,left,side,blue,circle,white,letter,center,representing,logo"
WGXW9akaCTw,Codigo Python Para Zuar os Colegas,6,programacao em python,2026-08-16T21:18:21,https://www.youtube.com/watch?v=WGXW9akaCTw,"The image is a screenshot of a code written in Python. The code is written in black text on a dark background. The text reads ""COMO ZUAR SEUS AMIGOS"" which translates to ""COM python"" in English. 

The code appears to be a programming language, as there are several lines of code visible in the code. The lines are in different colors, including red, blue, green, and yellow. The first line of code reads ""Import web browser import time"", followed by ""Import time"", ""Import code"", and ""Import file"". The second line reads ""import code"",","screenshot,code,written,python,black,dark,como,zuar,seus,amigos,translates,com,english,appears,programming"
PxsnwYbDCSc,COMO APRENDER PYTHON 🤡,6,programacao em python,2026-08-16T21:17:37,https://www.youtube.com/watch?v=PxsnwYbDCSc,"The image is a screenshot from a video titled ""O cara"" which translates to ""Python: Professor of Inglés: O Melhor Jetto de aprender uma nova língua e convivendo com nativos"" in English. It shows a man in a white shirt and black pants playing with a snake on a green surface. The snake is coiled up on the ground and appears to be attacking the man. The text on the image reads ""O cara aprendendo Python: O cara aprendondo Python"" which is Portuguese for ""Python"". The background of the image","screenshot,video,titled,cara,translates,python,professor,inglés,melhor,jetto,aprender,uma,nova,língua,convivendo"
imFwvjApWyU,POR QUE ESCOLHER PYTHON? | #shorts #podcast #programação #python,36,programacao em python,2026-08-16T21:17:37,https://www.youtube.com/watch?v=imFwvjApWyU,"The image shows a man wearing a headset and glasses, speaking into a microphone. He appears to be in a recording studio, as there is a blue screen in the background with the words ""Por Que Escolher Python? Descubra as Vantagens!"" written on it. The man is wearing a black suit and has a serious expression on his face.","man,wearing,headset,glasses,speaking,microphone,appears,recording,studio,blue,screen,words,por,que,escolher"
J9ss7uMYKlQ,JOGOS FAMOSOS criados em PYTHON!,39,programacao em python,2026-08-16T21:17:37,https://www.youtube.com/watch?v=J9ss7uMYKlQ,"The image is a screenshot from a video call. It shows a man sitting at a desk with a microphone in front of him. He is wearing a black polo shirt with a white logo on it and glasses. He has a big smile on his face and is gesturing with his hands as if he is explaining something. The background is blurred, but it appears to be an office or conference room with a desk and chairs. There is a blue logo on the wall behind the man.","screenshot,video,call,man,sitting,desk,microphone,wearing,black,polo,shirt,white,logo,glasses,big"
3zBYlBPa34U,"PYTHON vs JAVA - “Olá, Mundo!”",16,programacao em python,2026-08-16T21:17:37,https://www.youtube.com/watch?v=3zBYlBPa34U,"The image is a graphic design that compares the differences between Python and Java. It has a black background with yellow text that reads ""Python vs Java"" in large, bold letters. Below the text, there is a list of the differences in the two languages, with the Python language being ""Python"" and the Java language being the ""Java"". The list is divided into two columns, with Python on the left column and Java on the right column. 

At the bottom of the image, there are two lines of text that read ""Difference para imprimir ""Ola, Mundo"" which translates to ""","graphic,design,compares,differences,between,python,java,black,yellow,large,bold,letters,below,list,languages"
V1PNrhV9qjA,Projetos REALMENTE úteis para iniciantes em Python,60,programacao em python,2026-08-16T21:17:37,https://www.youtube.com/watch?v=V1PNrhV9qjA,"The image is a still from a video interview. It shows a man in a gray long-sleeved shirt standing in a room with a window in the background. He appears to be in his late twenties or early thirties and has short dark hair and a beard. He is looking directly at the camera with a serious expression on his face. The man is holding a microphone and seems to be speaking to another man. The image is taken from a side angle, with the man's hand visible on the left side of the image.","still,video,interview,man,gray,long,sleeved,shirt,standing,room,window,appears,late,twenties,early"
zxyptqSUCQc,Macete que poucos sabem em Python | #shorts,40,programacao em python,2026-08-16T21:17:37,https://www.youtube.com/watch?v=zxyptqSUCQc,"The image is a screenshot of a video call with a man in the foreground. The background is black and the man is wearing a black t-shirt. On the left side of the image, there is a menu bar with various options such as ""nome"", ""sob"", ""jeff"", ""tutorial"", and ""solve"". On the right side, there are two tabs - ""noms"", ""sob"", ""intro"", ""fotos"", ""dissatisfaction"", ""supervisor"", ""spare"", ""scare"", etc. The man appears to be in the middle of a","screenshot,video,call,man,foreground,black,wearing,shirt,left,side,menu,bar,various,options,such"
F34q5CN3olg,Gatos e Pepinos #shorts #cat ##pets #petcat #pepino,17,gatos engraçados,2026-08-16T21:14:46,https://www.youtube.com/watch?v=F34q5CN3olg,"The image is a collage of three photos. The first photo on the left shows a gray tabby cat lying on its back on a wooden floor. The second photo in the middle shows a bunch of green cucumbers scattered around the floor. In the third photo, the cat is looking up at the cucumbers with a curious expression. The background shows a kitchen with a white refrigerator and a blue armchair.","collage,three,photos,first,photo,left,gray,tabby,cat,lying,back,wooden,floor,second,bunch"
51BDIMvBZS4,🐱 Gatinho Fofo e Cachorrinho no Mercado Bolinhas Coloridas 🎉 #shorts #funny #gatos #cachorro,7,gatos engraçados,2026-08-16T21:14:46,https://www.youtube.com/watch?v=51BDIMvBZS4,"The image is a collage of three photos of a toy cat and a pug dog. The cat is on the left side of the image, with its big blue eyes and a big smile on its face. It is standing on its hind legs and is holding a large bag of colorful candies in its paws. The pug is standing next to the cat, looking at the camera with its tongue sticking out. The background is blurred, but it appears to be an indoor space with a tiled floor and a ceiling with lights.","collage,three,photos,toy,cat,pug,dog,left,side,big,blue,eyes,smile,face,standing"
gQeD10fovhs,GATO GIGANTE 😱😱#shorts #funny,9,gatos engraçados,2026-08-16T21:14:46,https://www.youtube.com/watch?v=gQeD10fovhs,The image is a collage of two photographs. The first photograph on the left shows a tall building with a cat perched on top of it. The cat has orange and black stripes and blue eyes. It is looking directly at the camera with its ears perked up and its mouth slightly open. The building appears to be a modern apartment complex with multiple floors and balconies. The sky is overcast and the overall mood of the image is gloomy.,"collage,photographs,first,photograph,left,tall,building,cat,perched,orange,black,stripes,blue,eyes,looking"
ZBbOn4JzlMo,Compilado! Tente não rir! Gato Engraçado! Gato Fofo #shorts,9,gatos engraçados,2026-08-16T21:14:46,https://www.youtube.com/watch?v=ZBbOn4JzlMo,"The image is a collage of three photos. The first photo on the top left shows a gray and white cat standing on its hind legs on a wooden surface. The second photo in the middle shows a person's hand holding a white object, which appears to be a cat toy. The third photo shows a close-up of the toy, which is made up of three circular holes. The toy is placed on a gray surface with a black background. The text on the image reads ""Compilado tente não rir"" which translates to ""Compiled to the cat toy"" in English.","collage,three,photos,first,photo,left,gray,white,cat,standing,hind,legs,wooden,surface,second"
nXmBdVCP0Gc,O vídeo mais engraçado de gatos de todos os tempos!,6,gatos engraçados,2026-08-16T21:14:46,https://www.youtube.com/watch?v=nXmBdVCP0Gc,"The image is a collage of two photos. On the left side, there is a person wearing a blue surgical gown holding a small orange and white cat in their arms. The cat appears to be a tabby with white markings on its face and chest. The person is holding the cat with both hands and is looking at the camera with a curious expression. The text on the image reads ""Isso é engraçado?"" which translates to ""Is the cat in the post?"" in English. The caption on the right side of the image is ""Comente no post"" which is Portuguese for ""post"".","collage,photos,left,side,person,wearing,blue,surgical,gown,holding,small,orange,white,cat,arms"
vK2YEr2EAJs,"""Gato e cachorro dançando juntos 😻🐶 | #shorts  #funnyanimals  #dance """,9,gatos engraçados,2026-08-16T21:14:46,https://www.youtube.com/watch?v=vK2YEr2EAJs,"The image is a collage of three different scenes from the animated movie ""The Secret Life of Pets."" 

The first scene on the left shows a black cat with big, round eyes standing on its hind legs and looking up at the camera. The cat is wearing a yellow collar and has a big smile on its face. It appears to be happy and excited.

In the middle of the image, there is a black and white Dalmatian dog with a blue collar. The dog is standing on all fours and is looking towards the camera with its front paws in the air. The background shows a garden","collage,three,different,scenes,animated,movie,secret,life,pets,first,scene,left,black,cat,big"
-jNnsiUlcNA,GATO ENGRAÇADO #SHORTS  #animals #animaisengraçados #pet #pets #cachorro,6,gatos engraçados,2026-08-16T21:14:46,https://www.youtube.com/watch?v=-jNnsiUlcNA,"The image is a collage of two photographs of a black and white cat standing on a grassy lawn. The cat is facing the camera and appears to be looking directly at the camera. It has a yellow collar around its neck and is standing on all fours with its front paws on the ground. The background is blurred, but it seems to be a wooded area with trees and fallen leaves scattered around. The image is taken from a low angle, with the cat's body slightly angled towards the left side of the frame.","collage,photographs,black,white,cat,standing,grassy,lawn,facing,camera,appears,looking,directly,yellow,collar"
